id,ancestor_list,taxon_label,ancestor_listr_,origin_time,destruction_time,ancestor_id
0,[None],31620,[None],262037.0,3072.5,0
1122,[0],31620,[0],262038.0,262040.0,0
1171,[1122],31620,[1122],262063.0,262065.0,1122
1197,[1171],31620,[1171],262072.0,262074.0,1171
1200,[1197],31391,[1197],262073.0,262075.0,1197
1213,[1197],31620,[1197],262075.0,262077.0,1197
1219,[1213],31620,[1213],262076.0,262078.0,1213
1226,[1219],31620,[1219],262077.0,262079.0,1219
1232,[1200],31391,[1200],262078.0,262080.0,1200
1264,[1232],31391,[1232],262081.0,262083.0,1232
1305,[1264],26275,[1264],262084.0,262086.0,1264
1327,[1219],26628,[1219],262085.0,262087.0,1219
1343,[1327],19203,[1327],262086.0,262088.0,1327
1369,[1264],11312,[1264],262088.0,262090.0,1264
1459,[1343],10257,[1343],262092.0,262094.0,1343
1492,[1305],26275,[1305],262094.0,262096.0,1305
1503,[1459],10257,[1459],262094.0,262096.0,1459
1504,[1343],19203,[1343],262094.0,262096.0,1343
1536,[1264],31391,[1264],262096.0,262098.0,1264
1547,[1226],31620,[1226],262096.0,262098.0,1226
1549,[1327],26628,[1327],262096.0,262098.0,1327
1551,[1503],10257,[1503],262096.0,262098.0,1503
1574,[1547],31620,[1547],262097.0,262099.0,1547
1604,[1574],31620,[1574],262098.0,262100.0,1574
1605,[1574],30895,[1574],262098.0,262100.0,1574
1612,[1551],10257,[1551],262098.0,262100.0,1551
1699,[1536],31391,[1536],262101.0,262103.0,1536
1715,[1604],30910,[1604],262101.0,262103.0,1604
1755,[1715],30910,[1715],262102.0,262104.0,1715
1761,[1605],30895,[1605],262102.0,262104.0,1605
1785,[1369],11312,[1369],262103.0,262105.0,1369
1827,[1699],31391,[1699],262104.0,262106.0,1699
1846,[1755],30910,[1755],262104.0,262106.0,1755
1895,[1846],30910,[1846],262105.0,262107.0,1846
1926,[1827],31391,[1827],262106.0,262108.0,1827
1986,[1785],11312,[1785],262107.0,262109.0,1785
2060,[1895],30910,[1895],262108.0,262110.0,1895
2068,[1604],31620,[1604],262108.0,262110.0,1604
2196,[1761],30895,[1761],262110.0,262112.0,1761
2210,[1504],19203,[1504],262110.0,262112.0,1504
2270,[1612],10257,[1612],262111.0,262113.0,1612
2284,[1926],31391,[1926],262112.0,262114.0,1926
2326,[2196],30895,[2196],262112.0,262114.0,2196
2331,[1226],27558,[1226],262112.0,262114.0,1226
2393,[2068],30827,[2068],262113.0,262115.0,2068
2405,[1549],26628,[1549],262113.0,262115.0,1549
2427,[2284],31391,[2284],262114.0,262116.0,2284
2468,[1715],21441,[1715],262114.0,262116.0,1715
2470,[2393],30827,[2393],262114.0,262116.0,2393
2475,[2326],30895,[2326],262114.0,262116.0,2326
2506,[2427],31391,[2427],262115.0,262117.0,2427
2566,[2405],26628,[2405],262115.0,262117.0,2405
2589,[2506],31391,[2506],262116.0,262118.0,2506
2625,[2060],30910,[2060],262116.0,262118.0,2060
2639,[1605],30249,[1605],262116.0,262118.0,1605
2676,[2589],30976,[2589],262117.0,262119.0,2589
2732,[2639],13303,[2639],262117.0,262119.0,2639
2744,[2331],27558,[2331],262117.0,262119.0,2331
2748,[2566],18543,[2566],262117.0,262119.0,2566
2772,[2676],30976,[2676],262118.0,262120.0,2676
2773,[2676],28208,[2676],262118.0,262120.0,2676
2774,[2589],31391,[2589],262118.0,262120.0,2589
2799,[1492],26275,[1492],262118.0,262120.0,1492
2836,[2475],30895,[2475],262118.0,262120.0,2475
2850,[2748],18543,[2748],262118.0,262120.0,2748
2876,[2772],30976,[2772],262119.0,262121.0,2772
2881,[2774],30654,[2774],262119.0,262121.0,2774
2883,[2774],24776,[2774],262119.0,262121.0,2774
2937,[2468],21441,[2468],262119.0,262121.0,2468
2947,[2196],23939,[2196],262119.0,262121.0,2196
2961,[2744],27558,[2744],262119.0,262121.0,2744
2965,[2566],33,[2566],262119.0,262121.0,2566
2973,[2270],10257,[2270],262119.0,262121.0,2270
2993,[2876],30976,[2876],262120.0,262122.0,2876
2998,[2773],28208,[2773],262120.0,262122.0,2773
3001,[2881],30654,[2881],262120.0,262122.0,2881
3002,[2881],23942,[2881],262120.0,262122.0,2881
3004,[2774],31391,[2774],262120.0,262122.0,2774
3066,[2937],21441,[2937],262120.0,262122.0,2937
3080,[2836],30895,[2836],262120.0,262122.0,2836
3094,[2961],27558,[2961],262120.0,262122.0,2961
3100,[2850],18543,[2850],262120.0,262122.0,2850
3133,[2876],2437,[2876],262121.0,262123.0,2876
3141,[3001],30654,[3001],262121.0,262123.0,3001
3142,[3001],27073,[3001],262121.0,262123.0,3001
3143,[3001],27790,[3001],262121.0,262123.0,3001
3145,[3002],17431,[3002],262121.0,262123.0,3002
3148,[3004],31391,[3004],262121.0,262123.0,3004
3150,[2883],24776,[2883],262121.0,262123.0,2883
3151,[2883],23324,[2883],262121.0,262123.0,2883
3226,[2470],30827,[2470],262121.0,262123.0,2470
3289,[2993],30976,[2993],262122.0,262124.0,2993
3291,[3133],2437,[3133],262122.0,262124.0,3133
3304,[3141],18467,[3141],262122.0,262124.0,3141
3306,[3142],27073,[3142],262122.0,262124.0,3142
3309,[3143],27790,[3143],262122.0,262124.0,3143
3317,[3148],31391,[3148],262122.0,262124.0,3148
3322,[3150],24776,[3150],262122.0,262124.0,3150
3403,[3226],30827,[3226],262122.0,262124.0,3226
3433,[2566],26628,[2566],262122.0,262124.0,2566
3445,[1459],8151,[1459],262122.0,262124.0,1459
3476,[3291],2437,[3291],262123.0,262125.0,3291
3496,[3141],30654,[3141],262123.0,262125.0,3141
3502,[3309],27790,[3309],262123.0,262125.0,3309
3602,[3403],30827,[3403],262123.0,262125.0,3403
3685,[3476],2437,[3476],262124.0,262126.0,3476
3709,[3496],27059,[3496],262124.0,262126.0,3496
3710,[3496],30654,[3496],262124.0,262126.0,3496
3716,[3306],10095,[3306],262124.0,262126.0,3306
3731,[3317],31391,[3317],262124.0,262126.0,3317
3740,[3322],24776,[3322],262124.0,262126.0,3322
3841,[3080],23830,[3080],262124.0,262126.0,3080
3882,[2973],10257,[2973],262124.0,262126.0,2973
3909,[3289],29879,[3289],262125.0,262127.0,3289
3950,[3306],27073,[3306],262125.0,262127.0,3306
3951,[3716],10095,[3716],262125.0,262127.0,3716
3952,[3716],7553,[3716],262125.0,262127.0,3716
3957,[3502],27790,[3502],262125.0,262127.0,3502
3961,[3002],23942,[3002],262125.0,262127.0,3002
3971,[3731],31391,[3731],262125.0,262127.0,3731
4059,[2625],30910,[2625],262125.0,262127.0,2625
4088,[2732],13303,[2732],262125.0,262127.0,2732
4118,[3094],27558,[3094],262125.0,262127.0,3094
4166,[3289],30976,[3289],262126.0,262128.0,3289
4172,[3685],2437,[3685],262126.0,262128.0,3685
4197,[3304],18467,[3304],262126.0,262128.0,3304
4214,[3950],27073,[3950],262126.0,262128.0,3950
4223,[3143],23859,[3143],262126.0,262128.0,3143
4230,[3961],23942,[3961],262126.0,262128.0,3961
4244,[3731],28805,[3731],262126.0,262128.0,3731
4258,[3740],24776,[3740],262126.0,262128.0,3740
4369,[3602],30827,[3602],262126.0,262128.0,3602
4379,[2947],23939,[2947],262126.0,262128.0,2947
4414,[3100],18543,[3100],262126.0,262128.0,3100
4499,[4197],18467,[4197],262127.0,262129.0,4197
4505,[3710],30654,[3710],262127.0,262129.0,3710
4518,[4214],27073,[4214],262127.0,262129.0,4214
4520,[4214],7097,[4214],262127.0,262129.0,4214
4540,[4230],23942,[4230],262127.0,262129.0,4230
4555,[4244],28805,[4244],262127.0,262129.0,4244
4575,[4258],16574,[4258],262127.0,262129.0,4258
4586,[3151],23324,[3151],262127.0,262129.0,3151
4668,[4059],30910,[4059],262127.0,262129.0,4059
4704,[4088],13303,[4088],262127.0,262129.0,4088
4708,[4379],23939,[4379],262127.0,262129.0,4379
4740,[3433],26628,[3433],262127.0,262129.0,3433
4796,[3909],29879,[3909],262128.0,262130.0,3909
4837,[4499],18467,[4499],262128.0,262130.0,4499
4842,[3709],27059,[3709],262128.0,262130.0,3709
4864,[4214],23810,[4214],262128.0,262130.0,4214
4880,[3957],27790,[3957],262128.0,262130.0,3957
4887,[4540],23942,[4540],262128.0,262130.0,4540
4903,[3971],31391,[3971],262128.0,262130.0,3971
4931,[4575],5340,[4575],262128.0,262130.0,4575
4933,[4575],16574,[4575],262128.0,262130.0,4575
4934,[4258],24776,[4258],262128.0,262130.0,4258
5042,[4668],30910,[4668],262128.0,262130.0,4668
5083,[2639],30249,[2639],262128.0,262130.0,2639
5085,[4708],23939,[4708],262128.0,262130.0,4708
5091,[3841],23830,[3841],262128.0,262130.0,3841
5122,[2965],33,[2965],262128.0,262130.0,2965
5174,[4166],30976,[4166],262129.0,262131.0,4166
5176,[4796],29879,[4796],262129.0,262131.0,4796
5186,[4172],2437,[4172],262129.0,262131.0,4172
5209,[2998],28208,[2998],262129.0,262131.0,2998
5224,[4197],13458,[4197],262129.0,262131.0,4197
5225,[4837],18467,[4837],262129.0,262131.0,4837
5236,[4505],30654,[4505],262129.0,262131.0,4505
5259,[4864],23810,[4864],262129.0,262131.0,4864
5265,[3951],10095,[3951],262129.0,262131.0,3951
5267,[3952],7553,[3952],262129.0,262131.0,3952
5275,[4223],23859,[4223],262129.0,262131.0,4223
5292,[3145],17431,[3145],262129.0,262131.0,3145
5305,[4903],28579,[4903],262129.0,262131.0,4903
5306,[4903],31391,[4903],262129.0,262131.0,4903
5310,[4555],28805,[4555],262129.0,262131.0,4555
5344,[4931],5340,[4931],262129.0,262131.0,4931
5472,[5042],24897,[5042],262129.0,262131.0,5042
5561,[5122],33,[5122],262129.0,262131.0,5122
5618,[5174],30976,[5174],262130.0,262132.0,5174
5621,[5176],29879,[5176],262130.0,262132.0,5176
5622,[5176],18744,[5176],262130.0,262132.0,5176
5681,[5224],13458,[5224],262130.0,262132.0,5224
5684,[5225],18392,[5225],262130.0,262132.0,5225
5726,[5259],14290,[5259],262130.0,262132.0,5259
5736,[5265],10095,[5265],262130.0,262132.0,5265
5750,[5275],23859,[5275],262130.0,262132.0,5275
5752,[4880],27790,[4880],262130.0,262132.0,4880
5760,[3143],14752,[3143],262130.0,262132.0,3143
5784,[5305],26928,[5305],262130.0,262132.0,5305
5785,[5305],28579,[5305],262130.0,262132.0,5305
5786,[5305],25023,[5305],262130.0,262132.0,5305
5789,[5306],31391,[5306],262130.0,262132.0,5306
5790,[5306],14551,[5306],262130.0,262132.0,5306
5792,[5306],19545,[5306],262130.0,262132.0,5306
5839,[5344],5340,[5344],262130.0,262132.0,5344
5846,[4933],16574,[4933],262130.0,262132.0,4933
5985,[5042],30910,[5042],262130.0,262132.0,5042
5986,[5472],24897,[5472],262130.0,262132.0,5472
6041,[4379],22473,[4379],262130.0,262132.0,4379
6046,[5091],23830,[5091],262130.0,262132.0,5091
6144,[5174],24064,[5174],262131.0,262133.0,5174
6145,[5618],30976,[5618],262131.0,262133.0,5618
6152,[5622],18744,[5622],262131.0,262133.0,5622
6217,[5681],13458,[5681],262131.0,262133.0,5681
6222,[5684],18392,[5684],262131.0,262133.0,5684
6276,[5726],14290,[5726],262131.0,262133.0,5726
6277,[5726],10474,[5726],262131.0,262133.0,5726
6290,[5736],10095,[5736],262131.0,262133.0,5736
6306,[5750],23859,[5750],262131.0,262133.0,5750
6309,[5752],27790,[5752],262131.0,262133.0,5752
6321,[5760],14752,[5760],262131.0,262133.0,5760
6330,[5292],17431,[5292],262131.0,262133.0,5292
6349,[5784],8829,[5784],262131.0,262133.0,5784
6350,[5784],26928,[5784],262131.0,262133.0,5784
6352,[5785],28579,[5785],262131.0,262133.0,5785
6357,[5306],25509,[5306],262131.0,262133.0,5306
6375,[5310],28805,[5310],262131.0,262133.0,5310
6453,[4586],23324,[4586],262131.0,262133.0,4586
6592,[5986],24897,[5986],262131.0,262133.0,5986
6703,[4740],26628,[4740],262131.0,262133.0,4740
6711,[4414],18543,[4414],262131.0,262133.0,4414
6736,[3882],10257,[3882],262131.0,262133.0,3882
6750,[2210],19203,[2210],262131.0,262133.0,2210
6769,[6144],18756,[6144],262132.0,262134.0,6144
6770,[6144],24064,[6144],262132.0,262134.0,6144
6784,[6152],18744,[6152],262132.0,262134.0,6152
6792,[3909],25639,[3909],262132.0,262134.0,3909
6880,[4842],27059,[4842],262132.0,262134.0,4842
6887,[5236],30654,[5236],262132.0,262134.0,5236
6930,[6276],14290,[6276],262132.0,262134.0,6276
6932,[6277],10474,[6277],262132.0,262134.0,6277
6947,[6290],10095,[6290],262132.0,262134.0,6290
6971,[6309],20974,[6309],262132.0,262134.0,6309
6972,[6309],7169,[6309],262132.0,262134.0,6309
6996,[4887],23942,[4887],262132.0,262134.0,4887
7003,[6330],17431,[6330],262132.0,262134.0,6330
7024,[6349],8829,[6349],262132.0,262134.0,6349
7026,[6350],26928,[6350],262132.0,262134.0,6350
7029,[6352],28579,[6352],262132.0,262134.0,6352
7037,[5786],25023,[5786],262132.0,262134.0,5786
7045,[5789],31391,[5789],262132.0,262134.0,5789
7052,[5790],14551,[5790],262132.0,262134.0,5790
7063,[6375],28805,[6375],262132.0,262134.0,6375
7124,[5846],16574,[5846],262132.0,262134.0,5846
7151,[6453],23324,[6453],262132.0,262134.0,6453
7154,[4586],4691,[4586],262132.0,262134.0,4586
7246,[2799],26275,[2799],262132.0,262134.0,2799
7305,[6592],24897,[6592],262132.0,262134.0,6592
7364,[4704],13303,[4704],262132.0,262134.0,4704
7378,[5085],23939,[5085],262132.0,262134.0,5085
7386,[6046],23830,[6046],262132.0,262134.0,6046
7428,[6703],26628,[6703],262132.0,262134.0,6703
7437,[6711],18543,[6711],262132.0,262134.0,6711
7464,[6736],10257,[6736],262132.0,262134.0,6736
7506,[6770],24064,[6770],262133.0,262135.0,6770
7581,[5209],28208,[5209],262133.0,262135.0,5209
7626,[5225],18467,[5225],262133.0,262135.0,5225
7639,[6880],27059,[6880],262133.0,262135.0,6880
7699,[6930],14290,[6930],262133.0,262135.0,6930
7703,[6932],10474,[6932],262133.0,262135.0,6932
7720,[6947],10095,[6947],262133.0,262135.0,6947
7729,[5267],7553,[5267],262133.0,262135.0,5267
7747,[6306],23859,[6306],262133.0,262135.0,6306
7752,[6971],20974,[6971],262133.0,262135.0,6971
7753,[6971],17283,[6971],262133.0,262135.0,6971
7758,[6972],7169,[6972],262133.0,262135.0,6972
7760,[6309],27790,[6309],262133.0,262135.0,6309
7793,[7003],17431,[7003],262133.0,262135.0,7003
7819,[7024],8829,[7024],262133.0,262135.0,7024
7826,[7029],28579,[7029],262133.0,262135.0,7029
7840,[7037],25023,[7037],262133.0,262135.0,7037
7843,[6357],25509,[6357],262133.0,262135.0,6357
7847,[6357],2319,[6357],262133.0,262135.0,6357
7850,[7045],31391,[7045],262133.0,262135.0,7045
7864,[5792],19545,[5792],262133.0,262135.0,5792
7934,[5839],5340,[5839],262133.0,262135.0,5839
8146,[7305],24897,[7305],262133.0,262135.0,7305
8194,[3066],21441,[3066],262133.0,262135.0,3066
8297,[5561],33,[5561],262133.0,262135.0,5561
8301,[7437],18543,[7437],262133.0,262135.0,7437
8380,[6769],18756,[6769],262134.0,262136.0,6769
8381,[7506],24064,[7506],262134.0,262136.0,7506
8393,[6145],30976,[6145],262134.0,262136.0,6145
8404,[5621],29879,[5621],262134.0,262136.0,5621
8409,[6784],18744,[6784],262134.0,262136.0,6784
8448,[3476],792,[3476],262134.0,262136.0,3476
8510,[6217],13458,[6217],262134.0,262136.0,6217
8521,[6222],18392,[6222],262134.0,262136.0,6222
8549,[6887],30654,[6887],262134.0,262136.0,6887
8613,[7703],10474,[7703],262134.0,262136.0,7703
8633,[7720],10095,[7720],262134.0,262136.0,7720
8674,[7753],17283,[7753],262134.0,262136.0,7753
8684,[7758],7169,[7758],262134.0,262136.0,7758
8689,[7760],16756,[7760],262134.0,262136.0,7760
8690,[7760],27790,[7760],262134.0,262136.0,7760
8710,[6321],14752,[6321],262134.0,262136.0,6321
8729,[7793],17431,[7793],262134.0,262136.0,7793
8762,[7026],26459,[7026],262134.0,262136.0,7026
8768,[7826],15708,[7826],262134.0,262136.0,7826
8790,[7840],25023,[7840],262134.0,262136.0,7840
8794,[7843],25509,[7843],262134.0,262136.0,7843
8800,[7847],2319,[7847],262134.0,262136.0,7847
8816,[7052],14551,[7052],262134.0,262136.0,7052
8909,[7934],5340,[7934],262134.0,262136.0,7934
8953,[7151],23324,[7151],262134.0,262136.0,7151
9060,[7246],26275,[7246],262134.0,262136.0,7246
9143,[8146],24897,[8146],262134.0,262136.0,8146
9159,[4059],14856,[4059],262134.0,262136.0,4059
9212,[4369],30827,[4369],262134.0,262136.0,4369
9256,[7386],23830,[7386],262134.0,262136.0,7386
9304,[4118],27558,[4118],262134.0,262136.0,4118
9309,[7428],26628,[7428],262134.0,262136.0,7428
9319,[8297],33,[8297],262134.0,262136.0,8297
9324,[8301],18543,[8301],262134.0,262136.0,8301
9325,[8301],11734,[8301],262134.0,262136.0,8301
9356,[3445],8151,[3445],262134.0,262136.0,3445
9436,[8393],17973,[8393],262135.0,262137.0,8393
9437,[8393],30976,[8393],262135.0,262137.0,8393
9459,[8409],18744,[8409],262135.0,262137.0,8409
9476,[6792],25639,[6792],262135.0,262137.0,6792
9508,[8448],792,[8448],262135.0,262137.0,8448
9532,[7581],28208,[7581],262135.0,262137.0,7581
9600,[7626],18467,[7626],262135.0,262137.0,7626
9629,[8549],8316,[8549],262135.0,262137.0,8549
9696,[7699],14290,[7699],262135.0,262137.0,7699
9705,[8613],10474,[8613],262135.0,262137.0,8613
9728,[4520],7097,[4520],262135.0,262137.0,4520
9747,[7729],7553,[7729],262135.0,262137.0,7729
9768,[7747],23859,[7747],262135.0,262137.0,7747
9781,[8674],17283,[8674],262135.0,262137.0,8674
9797,[8684],7169,[8684],262135.0,262137.0,8684
9804,[7760],5105,[7760],262135.0,262137.0,7760
9884,[7024],8081,[7024],262135.0,262137.0,7024
9885,[7819],8829,[7819],262135.0,262137.0,7819
9897,[8768],15708,[8768],262135.0,262137.0,8768
9922,[8790],25023,[8790],262135.0,262137.0,8790
9936,[8800],2319,[8800],262135.0,262137.0,8800
9941,[7850],31391,[7850],262135.0,262137.0,7850
9958,[8816],14551,[8816],262135.0,262137.0,8816
9981,[7063],28805,[7063],262135.0,262137.0,7063
10120,[8953],23324,[8953],262135.0,262137.0,8953
10230,[1986],11312,[1986],262135.0,262137.0,1986
10340,[5985],6130,[5985],262135.0,262137.0,5985
10346,[9143],24897,[9143],262135.0,262137.0,9143
10419,[8194],21441,[8194],262135.0,262137.0,8194
10447,[7364],13303,[7364],262135.0,262137.0,7364
10538,[9309],6470,[9309],262135.0,262137.0,9309
10558,[9324],18543,[9324],262135.0,262137.0,9324
10640,[6750],19203,[6750],262135.0,262137.0,6750
10673,[8381],24064,[8381],262136.0,262138.0,8381
10698,[9436],17973,[9436],262136.0,262138.0,9436
10700,[9437],29369,[9437],262136.0,262138.0,9437
10720,[8404],29879,[8404],262136.0,262138.0,8404
10730,[5621],6389,[5621],262136.0,262138.0,5621
10755,[9476],25639,[9476],262136.0,262138.0,9476
10941,[8549],30654,[8549],262136.0,262138.0,8549
11017,[9696],14290,[9696],262136.0,262138.0,9696
11030,[9705],10474,[9705],262136.0,262138.0,9705
11065,[9728],7097,[9728],262136.0,262138.0,9728
11070,[8633],10095,[8633],262136.0,262138.0,8633
11088,[9747],7553,[9747],262136.0,262138.0,9747
11111,[9768],23859,[9768],262136.0,262138.0,9768
11122,[7752],20974,[7752],262136.0,262138.0,7752
11129,[9781],17283,[9781],262136.0,262138.0,9781
11150,[9797],7169,[9797],262136.0,262138.0,9797
11166,[8689],16756,[8689],262136.0,262138.0,8689
11167,[8690],27790,[8690],262136.0,262138.0,8690
11195,[8710],14752,[8710],262136.0,262138.0,8710
11213,[6996],23942,[6996],262136.0,262138.0,6996
11224,[8729],17431,[8729],262136.0,262138.0,8729
11259,[9884],6401,[9884],262136.0,262138.0,9884
11269,[8762],26459,[8762],262136.0,262138.0,8762
11271,[7026],26928,[7026],262136.0,262138.0,7026
11279,[9897],15708,[9897],262136.0,262138.0,9897
11285,[7826],28579,[7826],262136.0,262138.0,7826
11317,[9922],25023,[9922],262136.0,262138.0,9922
11324,[8794],25509,[8794],262136.0,262138.0,8794
11345,[9941],31391,[9941],262136.0,262138.0,9941
11346,[9941],27287,[9941],262136.0,262138.0,9941
11373,[9958],14551,[9958],262136.0,262138.0,9958
11386,[7864],19545,[7864],262136.0,262138.0,7864
11397,[9981],28805,[9981],262136.0,262138.0,9981
11502,[8909],5340,[8909],262136.0,262138.0,8909
11562,[10120],23324,[10120],262136.0,262138.0,10120
11563,[10120],7056,[10120],262136.0,262138.0,10120
11915,[10419],21441,[10419],262136.0,262138.0,10419
11929,[9212],30827,[9212],262136.0,262138.0,9212
11960,[5083],30249,[5083],262136.0,262138.0,5083
11983,[9256],23830,[9256],262136.0,262138.0,9256
12045,[9304],27558,[9304],262136.0,262138.0,9304
12051,[9309],26628,[9309],262136.0,262138.0,9309
12053,[10538],6470,[10538],262136.0,262138.0,10538
12080,[10558],18543,[10558],262136.0,262138.0,10558
12085,[9325],11734,[9325],262136.0,262138.0,9325
12121,[9356],8151,[9356],262136.0,262138.0,9356
12220,[8380],18756,[8380],262137.0,262139.0,8380
12222,[10673],24064,[10673],262137.0,262139.0,10673
12257,[10700],29369,[10700],262137.0,262139.0,10700
12260,[9437],30976,[9437],262137.0,262139.0,9437
12299,[10730],6389,[10730],262137.0,262139.0,10730
12327,[10755],25639,[10755],262137.0,262139.0,10755
12417,[9532],28208,[9532],262137.0,262139.0,9532
12484,[8510],13458,[8510],262137.0,262139.0,8510
12501,[8521],18392,[8521],262137.0,262139.0,8521
12512,[9600],18467,[9600],262137.0,262139.0,9600
12562,[10941],30654,[10941],262137.0,262139.0,10941
12651,[11017],14290,[11017],262137.0,262139.0,11017
12673,[11030],10474,[11030],262137.0,262139.0,11030
12718,[11065],7097,[11065],262137.0,262139.0,11065
12723,[11070],10095,[11070],262137.0,262139.0,11070
12746,[11088],7553,[11088],262137.0,262139.0,11088
12777,[11111],23859,[11111],262137.0,262139.0,11111
12793,[11122],20974,[11122],262137.0,262139.0,11122
12805,[11129],17283,[11129],262137.0,262139.0,11129
12865,[11166],16756,[11166],262137.0,262139.0,11166
12904,[11195],14752,[11195],262137.0,262139.0,11195
12941,[11224],17431,[11224],262137.0,262139.0,11224
12987,[9884],8081,[9884],262137.0,262139.0,9884
12988,[9885],8829,[9885],262137.0,262139.0,9885
12997,[11269],26459,[11269],262137.0,262139.0,11269
13003,[11271],26928,[11271],262137.0,262139.0,11271
13014,[11279],15708,[11279],262137.0,262139.0,11279
13022,[11285],28579,[11285],262137.0,262139.0,11285
13063,[11317],3029,[11317],262137.0,262139.0,11317
13110,[11346],27287,[11346],262137.0,262139.0,11346
13152,[11373],14551,[11373],262137.0,262139.0,11373
13167,[11386],19545,[11386],262137.0,262139.0,11386
13180,[11397],28805,[11397],262137.0,262139.0,11397
13310,[11502],5340,[11502],262137.0,262139.0,11502
13381,[11562],23324,[11562],262137.0,262139.0,11562
13387,[8953],12095,[8953],262137.0,262139.0,8953
13398,[7154],4691,[7154],262137.0,262139.0,7154
13827,[2068],31620,[2068],262137.0,262139.0,2068
13876,[11983],23830,[11983],262137.0,262139.0,11983
13889,[3080],30895,[3080],262137.0,262139.0,3080
13960,[12051],26628,[12051],262137.0,262139.0,12051
14002,[12080],16342,[12080],262137.0,262139.0,12080
14010,[12085],11734,[12085],262137.0,262139.0,12085
14052,[12121],8151,[12121],262137.0,262139.0,12121
14060,[7464],10257,[7464],262137.0,262139.0,7464
14176,[12222],24064,[12222],262138.0,262140.0,12222
14213,[10698],17973,[10698],262138.0,262140.0,10698
14217,[12257],29369,[12257],262138.0,262140.0,12257
14281,[12299],6389,[12299],262138.0,262140.0,12299
14317,[12327],25639,[12327],262138.0,262140.0,12327
14431,[12417],28208,[12417],262138.0,262140.0,12417
14517,[12484],13458,[12484],262138.0,262140.0,12484
14548,[12501],18392,[12501],262138.0,262140.0,12501
14585,[7639],27059,[7639],262138.0,262140.0,7639
14732,[12651],14290,[12651],262138.0,262140.0,12651
14824,[12718],7097,[12718],262138.0,262140.0,12718
14861,[12746],7553,[12746],262138.0,262140.0,12746
14918,[12793],20974,[12793],262138.0,262140.0,12793
14932,[12805],17283,[12805],262138.0,262140.0,12805
14933,[12805],1877,[12805],262138.0,262140.0,12805
15005,[9804],5105,[9804],262138.0,262140.0,9804
15020,[11167],27790,[11167],262138.0,262140.0,11167
15102,[11213],23942,[11213],262138.0,262140.0,11213
15174,[12988],8829,[12988],262138.0,262140.0,12988
15197,[13003],26928,[13003],262138.0,262140.0,13003
15216,[13014],15708,[13014],262138.0,262140.0,13014
15287,[13063],3029,[13063],262138.0,262140.0,13063
15288,[11317],25023,[11317],262138.0,262140.0,11317
15344,[11345],21187,[11345],262138.0,262140.0,11345
15346,[13110],27287,[13110],262138.0,262140.0,13110
15425,[13167],19545,[13167],262138.0,262140.0,13167
15431,[5306],28519,[5306],262138.0,262140.0,5306
15439,[11397],16000,[11397],262138.0,262140.0,11397
15680,[13381],23324,[13381],262138.0,262140.0,13381
15687,[11563],7056,[11563],262138.0,262140.0,11563
15706,[13398],4691,[13398],262138.0,262140.0,13398
15877,[9060],26275,[9060],262138.0,262140.0,9060
16050,[10346],24897,[10346],262138.0,262140.0,10346
16089,[9159],14856,[9159],262138.0,262140.0,9159
16185,[11929],30827,[11929],262138.0,262140.0,11929
16223,[10447],13303,[10447],262138.0,262140.0,10447
16253,[7378],23939,[7378],262138.0,262140.0,7378
16271,[13876],23830,[13876],262138.0,262140.0,13876
16374,[13960],1610,[13960],262138.0,262140.0,13960
16375,[13960],26628,[13960],262138.0,262140.0,13960
16379,[12051],10716,[12051],262138.0,262140.0,12051
16427,[9319],33,[9319],262138.0,262140.0,9319
16435,[14002],16342,[14002],262138.0,262140.0,14002
16452,[14010],11734,[14010],262138.0,262140.0,14010
16518,[14060],10257,[14060],262138.0,262140.0,14060
16655,[12220],18756,[12220],262139.0,262141.0,12220
16713,[14213],17973,[14213],262139.0,262141.0,14213
16723,[14217],29369,[14217],262139.0,262141.0,14217
16736,[12260],30976,[12260],262139.0,262141.0,12260
16737,[12260],6316,[12260],262139.0,262141.0,12260
16788,[10720],29879,[10720],262139.0,262141.0,10720
16817,[14281],6389,[14281],262139.0,262141.0,14281
16827,[9459],18744,[9459],262139.0,262141.0,9459
16917,[5186],2437,[5186],262139.0,262141.0,5186
16944,[9508],792,[9508],262139.0,262141.0,9508
17011,[14431],28208,[14431],262139.0,262141.0,14431
17175,[14548],18392,[14548],262139.0,262141.0,14548
17268,[12562],30654,[12562],262139.0,262141.0,12562
17405,[14732],14290,[14732],262139.0,262141.0,14732
17460,[12673],10474,[12673],262139.0,262141.0,12673
17534,[14824],7097,[14824],262139.0,262141.0,14824
17541,[12723],10095,[12723],262139.0,262141.0,12723
17579,[14861],7553,[14861],262139.0,262141.0,14861
17676,[14932],17283,[14932],262139.0,262141.0,14932
17679,[14933],1877,[14933],262139.0,262141.0,14933
17781,[15005],5105,[15005],262139.0,262141.0,15005
17906,[15102],23942,[15102],262139.0,262141.0,15102
17922,[12941],17431,[12941],262139.0,262141.0,12941
17985,[11259],6401,[11259],262139.0,262141.0,11259
18026,[15197],26928,[15197],262139.0,262141.0,15197
18057,[15216],15708,[15216],262139.0,262141.0,15216
18083,[13022],28579,[13022],262139.0,262141.0,13022
18240,[15346],27287,[15346],262139.0,262141.0,15346
18344,[15425],19545,[15425],262139.0,262141.0,15425
18362,[15439],16000,[15439],262139.0,262141.0,15439
18366,[13180],28805,[13180],262139.0,262141.0,13180
18580,[7124],16574,[7124],262139.0,262141.0,7124
18648,[15680],23324,[15680],262139.0,262141.0,15680
18891,[15877],26275,[15877],262139.0,262141.0,15877
19090,[10340],6130,[10340],262139.0,262141.0,10340
19091,[5985],30910,[5985],262139.0,262141.0,5985
19154,[16089],14856,[16089],262139.0,262141.0,16089
19266,[16185],30827,[16185],262139.0,262141.0,16185
19320,[16223],6443,[16223],262139.0,262141.0,16223
19341,[11960],30249,[11960],262139.0,262141.0,11960
19378,[16271],23830,[16271],262139.0,262141.0,16271
19401,[13889],30895,[13889],262139.0,262141.0,13889
19509,[16374],1610,[16374],262139.0,262141.0,16374
19513,[16375],26628,[16375],262139.0,262141.0,16375
19519,[16379],10716,[16379],262139.0,262141.0,16379
19597,[16435],16342,[16435],262139.0,262141.0,16435
19684,[14052],8151,[14052],262139.0,262141.0,14052
19697,[16518],6718,[16518],262139.0,262141.0,16518
19792,[10640],19203,[10640],262139.0,262141.0,10640
19950,[16713],17973,[16713],262140.0,262142.0,16713
19984,[16736],30976,[16736],262140.0,262142.0,16736
19985,[16737],6316,[16737],262140.0,262142.0,16737
20052,[16788],29879,[16788],262140.0,262142.0,16788
20097,[16817],6389,[16817],262140.0,262142.0,16817
20235,[16917],2437,[16917],262140.0,262142.0,16917
20269,[16944],792,[16944],262140.0,262142.0,16944
20365,[17011],28208,[17011],262140.0,262142.0,17011
20586,[17175],18392,[17175],262140.0,262142.0,17175
20636,[14585],27059,[14585],262140.0,262142.0,14585
20687,[9629],8316,[9629],262140.0,262142.0,9629
20702,[17268],30654,[17268],262140.0,262142.0,17268
20703,[17268],15792,[17268],262140.0,262142.0,17268
20882,[17405],14290,[17405],262140.0,262142.0,17405
20953,[17460],10474,[17460],262140.0,262142.0,17460
21056,[17541],10095,[17541],262140.0,262142.0,17541
21111,[17579],7553,[17579],262140.0,262142.0,17579
21247,[17679],1877,[17679],262140.0,262142.0,17679
21330,[11150],7169,[11150],262140.0,262142.0,11150
21382,[17781],5105,[17781],262140.0,262142.0,17781
21547,[17906],23942,[17906],262140.0,262142.0,17906
21651,[17985],6401,[17985],262140.0,262142.0,17985
21652,[12987],8081,[12987],262140.0,262142.0,12987
21707,[18026],26928,[18026],262140.0,262142.0,18026
21795,[18083],28579,[18083],262140.0,262142.0,18083
21913,[15287],3029,[15287],262140.0,262142.0,15287
21967,[9936],2319,[9936],262140.0,262142.0,9936
22001,[15344],21187,[15344],262140.0,262142.0,15344
22005,[11345],31391,[11345],262140.0,262142.0,11345
22009,[18240],27287,[18240],262140.0,262142.0,18240
22117,[13152],14551,[13152],262140.0,262142.0,13152
22166,[15431],28519,[15431],262140.0,262142.0,15431
22176,[18362],16000,[18362],262140.0,262142.0,18362
22183,[18366],28805,[18366],262140.0,262142.0,18366
22449,[18580],16574,[18580],262140.0,262142.0,18580
22534,[18648],23324,[18648],262140.0,262142.0,18648
22554,[15687],7056,[15687],262140.0,262142.0,15687
22583,[15706],4691,[15706],262140.0,262142.0,15706
22830,[18891],26275,[18891],262140.0,262142.0,18891
23100,[16050],24897,[16050],262140.0,262142.0,16050
23306,[19266],30827,[19266],262140.0,262142.0,19266
23375,[16223],13303,[16223],262140.0,262142.0,16223
23377,[19320],6443,[19320],262140.0,262142.0,19320
23421,[16253],23939,[16253],262140.0,262142.0,16253
23447,[19378],23830,[19378],262140.0,262142.0,19378
23475,[19401],30895,[19401],262140.0,262142.0,19401
23609,[19509],1610,[19509],262140.0,262142.0,19509
23619,[19513],26628,[19513],262140.0,262142.0,19513
23633,[19519],10716,[19519],262140.0,262142.0,19519
23658,[12053],6470,[12053],262140.0,262142.0,12053
23721,[16427],33,[16427],262140.0,262142.0,16427
23752,[12080],18543,[12080],262140.0,262142.0,12080
23771,[16452],11734,[16452],262140.0,262142.0,16452
23866,[19684],8151,[19684],262140.0,262142.0,19684
23886,[16518],10257,[16518],262140.0,262142.0,16518
23887,[19697],6718,[19697],262140.0,262142.0,19697
24115,[16655],18756,[16655],262141.0,262143.0,16655
24141,[14176],24064,[14176],262141.0,262143.0,14176
24284,[19984],30976,[19984],262141.0,262143.0,19984
24382,[20052],29879,[20052],262141.0,262143.0,20052
24474,[16827],18744,[16827],262141.0,262143.0,16827
24682,[20269],792,[20269],262141.0,262143.0,20269
24826,[20365],28208,[20365],262141.0,262143.0,20365
25051,[14517],13458,[14517],262141.0,262143.0,14517
25120,[20586],18392,[20586],262141.0,262143.0,20586
25143,[7626],13469,[7626],262141.0,262143.0,7626
25145,[12512],18467,[12512],262141.0,262143.0,12512
25246,[20687],8316,[20687],262141.0,262143.0,20687
25518,[20882],14290,[20882],262141.0,262143.0,20882
25752,[21056],10095,[21056],262141.0,262143.0,21056
25962,[14918],20974,[14918],262141.0,262143.0,14918
26005,[17676],17283,[17676],262141.0,262143.0,17676
26012,[21247],1877,[21247],262141.0,262143.0,21247
26240,[12865],16756,[12865],262141.0,262143.0,12865
26344,[12904],14752,[12904],262141.0,262143.0,12904
26462,[17922],17431,[17922],262141.0,262143.0,17922
26567,[21652],8081,[21652],262141.0,262143.0,21652
26587,[15174],8829,[15174],262141.0,262143.0,15174
26617,[12997],26459,[12997],262141.0,262143.0,12997
26653,[21707],26928,[21707],262141.0,262143.0,21707
26741,[18057],15708,[18057],262141.0,262143.0,18057
26970,[21913],3029,[21913],262141.0,262143.0,21913
26976,[15288],25023,[15288],262141.0,262143.0,15288
27035,[21967],2319,[21967],262141.0,262143.0,21967
27087,[22001],21187,[22001],262141.0,262143.0,22001
27097,[22005],31391,[22005],262141.0,262143.0,22005
27108,[22009],27287,[22009],262141.0,262143.0,22009
27259,[22117],14551,[22117],262141.0,262143.0,22117
27308,[18344],15438,[18344],262141.0,262143.0,18344
27337,[22176],16000,[22176],262141.0,262143.0,22176
27349,[22183],28805,[22183],262141.0,262143.0,22183
27707,[22449],16574,[22449],262141.0,262143.0,22449
27719,[4934],24776,[4934],262141.0,262143.0,4934
28180,[22830],26275,[22830],262141.0,262143.0,22830
28505,[19090],6130,[19090],262141.0,262143.0,19090
28531,[23100],24897,[23100],262141.0,262143.0,23100
28624,[19154],14856,[19154],262141.0,262143.0,19154
28778,[11915],21441,[11915],262141.0,262143.0,11915
28845,[13827],31620,[13827],262141.0,262143.0,13827
28896,[23375],13303,[23375],262141.0,262143.0,23375
28949,[23421],23939,[23421],262141.0,262143.0,23421
28962,[6041],22473,[6041],262141.0,262143.0,6041
28981,[23447],23830,[23447],262141.0,262143.0,23447
29016,[23475],30895,[23475],262141.0,262143.0,23475
29021,[2836],14838,[2836],262141.0,262143.0,2836
29188,[23609],1610,[23609],262141.0,262143.0,23609
29210,[23619],26628,[23619],262141.0,262143.0,23619
29234,[23633],10716,[23633],262141.0,262143.0,23633
29277,[23658],6470,[23658],262141.0,262143.0,23658
29388,[19597],16342,[19597],262141.0,262143.0,19597
29400,[23752],18543,[23752],262141.0,262143.0,23752
29431,[23771],11734,[23771],262141.0,262143.0,23771
29552,[23866],8151,[23866],262141.0,262143.0,23866
29579,[23886],10257,[23886],262141.0,262143.0,23886
29740,[19792],19203,[19792],262141.0,262143.0,19792
29920,[24141],24064,[24141],262142.0,262144.0,24141
30093,[16723],7524,[16723],262142.0,262144.0,16723
30094,[16723],29369,[16723],262142.0,262144.0,16723
30143,[24284],30976,[24284],262142.0,262144.0,24284
30148,[19985],6316,[19985],262142.0,262144.0,19985
30282,[24382],29879,[24382],262142.0,262144.0,24382
30363,[20097],6389,[20097],262142.0,262144.0,20097
31360,[25143],13469,[25143],262142.0,262144.0,25143
31486,[25246],8316,[25246],262142.0,262144.0,25246
31835,[4518],27073,[4518],262142.0,262144.0,4518
31873,[25518],14290,[25518],262142.0,262144.0,25518
32068,[5259],23810,[5259],262142.0,262144.0,5259
32182,[17534],7097,[17534],262142.0,262144.0,17534
32201,[25752],10095,[25752],262142.0,262144.0,25752
32304,[21111],7553,[21111],262142.0,262144.0,21111
32420,[12777],23859,[12777],262142.0,262144.0,12777
32484,[25962],20974,[25962],262142.0,262144.0,25962
32550,[26005],17283,[26005],262142.0,262144.0,26005
32559,[26012],1877,[26012],262142.0,262144.0,26012
32826,[21382],5105,[21382],262142.0,262144.0,21382
32908,[26240],16756,[26240],262142.0,262144.0,26240
33045,[26344],14752,[26344],262142.0,262144.0,26344
33166,[21547],23942,[21547],262142.0,262144.0,21547
33204,[26462],17431,[26462],262142.0,262144.0,26462
33353,[21651],6401,[21651],262142.0,262144.0,21651
33424,[26617],26459,[26617],262142.0,262144.0,26617
33624,[26741],15708,[26741],262142.0,262144.0,26741
33719,[21795],28579,[21795],262142.0,262144.0,21795
33957,[26970],3029,[26970],262142.0,262144.0,26970
33991,[11324],25509,[11324],262142.0,262144.0,11324
34045,[27035],2319,[27035],262142.0,262144.0,27035
34124,[27087],21187,[27087],262142.0,262144.0,27087
34159,[27108],27287,[27108],262142.0,262144.0,27108
34455,[22166],28519,[22166],262142.0,262144.0,22166
34490,[27349],28805,[27349],262142.0,262144.0,27349
35000,[27707],15447,[27707],262142.0,262144.0,27707
35015,[27719],24776,[27719],262142.0,262144.0,27719
35148,[22534],23324,[22534],262142.0,262144.0,22534
35198,[13387],12095,[13387],262142.0,262144.0,13387
35630,[28180],26275,[28180],262142.0,262144.0,28180
36060,[28505],6130,[28505],262142.0,262144.0,28505
36227,[28624],14856,[28624],262142.0,262144.0,28624
36416,[28778],21441,[28778],262142.0,262144.0,28778
36445,[23306],30827,[23306],262142.0,262144.0,23306
36573,[28896],13303,[28896],262142.0,262144.0,28896
36580,[23377],6443,[23377],262142.0,262144.0,23377
36646,[28949],23939,[28949],262142.0,262144.0,28949
36689,[28981],23830,[28981],262142.0,262144.0,28981
36938,[12045],27558,[12045],262142.0,262144.0,12045
37013,[29210],26628,[29210],262142.0,262144.0,29210
37058,[29234],10716,[29234],262142.0,262144.0,29234
37123,[29277],6470,[29277],262142.0,262144.0,29277
37275,[29388],16342,[29388],262142.0,262144.0,29388
37339,[29431],11734,[29431],262142.0,262144.0,29431
37549,[29579],10257,[29579],262142.0,262144.0,29579
37773,[29740],19203,[29740],262142.0,262144.0,29740
37957,[24115],18756,[24115],262143.0,262145.0,24115
38024,[29920],24064,[29920],262143.0,262145.0,29920
38380,[30143],30976,[30143],262143.0,262145.0,30143
38391,[30148],6316,[30148],262143.0,262145.0,30148
38577,[30282],29879,[30282],262143.0,262145.0,30282
38702,[30363],6389,[30363],262143.0,262145.0,30363
39074,[20235],2437,[20235],262143.0,262145.0,20235
39202,[24682],792,[24682],262143.0,262145.0,24682
39502,[24826],28208,[24826],262143.0,262145.0,24826
39519,[12417],28085,[12417],262143.0,262145.0,12417
39983,[25051],13458,[25051],262143.0,262145.0,25051
40161,[25145],18467,[25145],262143.0,262145.0,25145
40331,[31486],8316,[31486],262143.0,262145.0,31486
40387,[20702],30654,[20702],262143.0,262145.0,20702
40857,[31835],27073,[31835],262143.0,262145.0,31835
40927,[31873],14290,[31873],262143.0,262145.0,31873
41147,[20953],10474,[20953],262143.0,262145.0,20953
41224,[32068],23810,[32068],262143.0,262145.0,32068
41410,[32201],10095,[32201],262143.0,262145.0,32201
41710,[32420],23859,[32420],262143.0,262145.0,32420
41807,[32484],20974,[32484],262143.0,262145.0,32484
41916,[32550],17283,[32550],262143.0,262145.0,32550
42338,[32826],5105,[32826],262143.0,262145.0,32826
42455,[32908],16756,[32908],262143.0,262145.0,32908
42470,[15020],27790,[15020],262143.0,262145.0,15020
42644,[33045],14752,[33045],262143.0,262145.0,33045
42810,[33166],23942,[33166],262143.0,262145.0,33166
42862,[33204],17431,[33204],262143.0,262145.0,33204
43075,[33353],6401,[33353],262143.0,262145.0,33353
43076,[26567],8081,[26567],262143.0,262145.0,26567
43111,[26587],8829,[26587],262143.0,262145.0,26587
43174,[33424],26459,[33424],262143.0,262145.0,33424
43271,[26653],26928,[26653],262143.0,262145.0,26653
43490,[33624],15708,[33624],262143.0,262145.0,33624
43643,[33719],28579,[33719],262143.0,262145.0,33719
44129,[34045],2319,[34045],262143.0,262145.0,34045
44241,[34124],21187,[34124],262143.0,262145.0,34124
44270,[27097],31391,[27097],262143.0,262145.0,27097
44295,[34159],27287,[34159],262143.0,262145.0,34159
44700,[27308],15438,[27308],262143.0,262145.0,27308
44753,[27337],16000,[27337],262143.0,262145.0,27337
44777,[34490],28805,[34490],262143.0,262145.0,34490
45459,[13310],5340,[13310],262143.0,262145.0,13310
45541,[27707],16574,[27707],262143.0,262145.0,27707
45544,[35000],15447,[35000],262143.0,262145.0,35000
45567,[35015],24776,[35015],262143.0,262145.0,35015
45802,[22554],7056,[22554],262143.0,262145.0,22554
45879,[22583],4691,[22583],262143.0,262145.0,22583
46351,[10230],11312,[10230],262143.0,262145.0,10230
46424,[35630],26275,[35630],262143.0,262145.0,35630
47242,[36227],14856,[36227],262143.0,262145.0,36227
47510,[36416],21441,[36416],262143.0,262145.0,36416
47553,[36445],30827,[36445],262143.0,262145.0,36445
47645,[28845],31620,[28845],262143.0,262145.0,28845
47748,[36573],13303,[36573],262143.0,262145.0,36573
47813,[19341],30249,[19341],262143.0,262145.0,19341
47875,[28962],22473,[28962],262143.0,262145.0,28962
47910,[36689],23830,[36689],262143.0,262145.0,36689
47980,[29016],30895,[29016],262143.0,262145.0,29016
47989,[29021],14838,[29021],262143.0,262145.0,29021
48249,[36938],27558,[36938],262143.0,262145.0,36938
48312,[29188],1610,[29188],262143.0,262145.0,29188
48479,[37058],10716,[37058],262143.0,262145.0,37058
48605,[37123],6470,[37123],262143.0,262145.0,37123
48774,[23721],33,[23721],262143.0,262145.0,23721
48825,[37275],16342,[37275],262143.0,262145.0,37275
48858,[29400],18543,[29400],262143.0,262145.0,29400
48919,[37339],11734,[37339],262143.0,262145.0,37339
49222,[37549],10257,[37549],262143.0,262145.0,37549
49233,[23887],6718,[23887],262143.0,262145.0,23887
49548,[37773],19203,[37773],262143.0,262145.0,37773
49938,[38024],24064,[38024],262144.0,262146.0,38024
50381,[30093],7524,[30093],262144.0,262146.0,30093
50819,[38577],29879,[38577],262144.0,262146.0,38577
51019,[38702],6389,[38702],262144.0,262146.0,38702
51612,[39074],2437,[39074],262144.0,262146.0,39074
52303,[39502],28208,[39502],262144.0,262146.0,39502
52336,[39519],28085,[39519],262144.0,262146.0,39519
53079,[39983],13458,[39983],262144.0,262146.0,39983
53286,[25120],18392,[25120],262144.0,262146.0,25120
53349,[31360],13469,[31360],262144.0,262146.0,31360
53356,[40161],18467,[40161],262144.0,262146.0,40161
53432,[20636],27059,[20636],262144.0,262146.0,20636
53602,[40331],8316,[40331],262144.0,262146.0,40331
53705,[40387],30654,[40387],262144.0,262146.0,40387
54432,[40857],27073,[40857],262144.0,262146.0,40857
54557,[40927],14290,[40927],262144.0,262146.0,40927
54899,[41147],10474,[41147],262144.0,262146.0,41147
55015,[41224],23810,[41224],262144.0,262146.0,41224
55266,[32182],7097,[32182],262144.0,262146.0,32182
55302,[41410],10095,[41410],262144.0,262146.0,41410
55926,[41807],20974,[41807],262144.0,262146.0,41807
56099,[41916],17283,[41916],262144.0,262146.0,41916
56127,[32559],1877,[32559],262144.0,262146.0,32559
56472,[21330],7169,[21330],262144.0,262146.0,21330
56797,[42338],5105,[42338],262144.0,262146.0,42338
56981,[42455],16756,[42455],262144.0,262146.0,42455
57004,[42470],27790,[42470],262144.0,262146.0,42470
57280,[42644],14752,[42644],262144.0,262146.0,42644
57527,[42810],23942,[42810],262144.0,262146.0,42810
57599,[42862],17431,[42862],262144.0,262146.0,42862
57944,[43076],8081,[43076],262144.0,262146.0,43076
58004,[43111],8829,[43111],262144.0,262146.0,43111
58098,[43174],26459,[43174],262144.0,262146.0,43174
58256,[43271],26928,[43271],262144.0,262146.0,43271
58636,[43490],15708,[43490],262144.0,262146.0,43490
58903,[43643],28579,[43643],262144.0,262146.0,43643
59467,[26976],25023,[26976],262144.0,262146.0,26976
59521,[33991],25509,[33991],262144.0,262146.0,33991
59640,[44129],2319,[44129],262144.0,262146.0,44129
59810,[44241],21187,[44241],262144.0,262146.0,44241
59854,[44270],31391,[44270],262144.0,262146.0,44270
59890,[44295],27287,[44295],262144.0,262146.0,44295
60484,[44700],15438,[44700],262144.0,262146.0,44700
60565,[44753],16000,[44753],262144.0,262146.0,44753
60607,[44777],28805,[44777],262144.0,262146.0,44777
61643,[45459],5340,[45459],262144.0,262146.0,45459
62090,[35148],23324,[35148],262144.0,262146.0,35148
62171,[45802],7056,[45802],262144.0,262146.0,45802
62196,[35198],12095,[35198],262144.0,262146.0,35198
62291,[45879],4691,[45879],262144.0,262146.0,45879
63108,[46424],26275,[46424],262144.0,262146.0,46424
64019,[19091],30910,[19091],262144.0,262146.0,19091
64376,[47242],14856,[47242],262144.0,262146.0,47242
64835,[47553],30827,[47553],262144.0,262146.0,47553
64995,[47645],31620,[47645],262144.0,262146.0,47645
65161,[36580],6443,[36580],262144.0,262146.0,36580
65247,[47813],30249,[47813],262144.0,262146.0,47813
65295,[36646],23939,[36646],262144.0,262146.0,36646
65334,[47875],22473,[47875],262144.0,262146.0,47875
65392,[47910],23830,[47910],262144.0,262146.0,47910
65491,[47980],30895,[47980],262144.0,262146.0,47980
65508,[47989],14838,[47989],262144.0,262146.0,47989
65880,[48249],27558,[48249],262144.0,262146.0,48249
65989,[48312],1610,[48312],262144.0,262146.0,48312
66143,[37013],26628,[37013],262144.0,262146.0,37013
66302,[48479],10716,[48479],262144.0,262146.0,48479
66527,[48605],6470,[48605],262144.0,262146.0,48605
66866,[48825],16342,[48825],262144.0,262146.0,48825
67498,[49222],10257,[49222],262144.0,262146.0,49222
67519,[49233],6718,[49233],262144.0,262146.0,49233
67996,[49548],19203,[49548],262144.0,262146.0,49548
101152,[37957],18756,[37957],262145.0,inf,37957
101351,[49938],24064,[49938],262145.0,inf,49938
101957,[19950],17973,[19950],262145.0,inf,19950
102141,[50381],7524,[50381],262145.0,inf,50381
102148,[30094],29369,[30094],262145.0,inf,30094
102381,[38380],30976,[38380],262145.0,inf,38380
102417,[38391],6316,[38391],262145.0,inf,38391
102927,[50819],29879,[50819],262145.0,inf,50819
103271,[51019],6389,[51019],262145.0,inf,51019
103445,[24474],18744,[24474],262145.0,inf,24474
103747,[14317],25639,[14317],262145.0,inf,14317
104267,[51612],2437,[51612],262145.0,inf,51612
104667,[39202],792,[39202],262145.0,inf,39202
105553,[52303],28208,[52303],262145.0,inf,52303
105615,[52336],28085,[52336],262145.0,inf,52336
106921,[53079],13458,[53079],262145.0,inf,53079
107280,[53286],18392,[53286],262145.0,inf,53286
107378,[53349],13469,[53349],262145.0,inf,53349
107394,[53356],18467,[53356],262145.0,inf,53356
107529,[53432],27059,[53432],262145.0,inf,53432
107829,[53602],8316,[53602],262145.0,inf,53602
108006,[53705],30654,[53705],262145.0,inf,53705
108013,[20703],15792,[20703],262145.0,inf,20703
109297,[54432],27073,[54432],262145.0,inf,54432
109526,[54557],14290,[54557],262145.0,inf,54557
110129,[54899],10474,[54899],262145.0,inf,54899
110315,[55015],23810,[55015],262145.0,inf,55015
110746,[55266],7097,[55266],262145.0,inf,55266
110809,[55302],10095,[55302],262145.0,inf,55302
111190,[32304],7553,[32304],262145.0,inf,32304
111619,[41710],23859,[41710],262145.0,inf,41710
111903,[55926],20974,[55926],262145.0,inf,55926
112238,[56099],17283,[56099],262145.0,inf,56099
112297,[56127],1877,[56127],262145.0,inf,56127
112908,[56472],7169,[56472],262145.0,inf,56472
113516,[56797],5105,[56797],262145.0,inf,56797
113836,[56981],16756,[56981],262145.0,inf,56981
113872,[57004],27790,[57004],262145.0,inf,57004
114334,[57280],14752,[57280],262145.0,inf,57280
114739,[57527],23942,[57527],262145.0,inf,57527
114860,[57599],17431,[57599],262145.0,inf,57599
115481,[43075],6401,[43075],262145.0,inf,43075
115489,[57944],8081,[57944],262145.0,inf,57944
115602,[58004],8829,[58004],262145.0,inf,58004
115766,[58098],26459,[58098],262145.0,inf,58098
116107,[58256],26928,[58256],262145.0,inf,58256
116856,[58636],15708,[58636],262145.0,inf,58636
117358,[58903],28579,[58903],262145.0,inf,58903
118280,[33957],3029,[33957],262145.0,inf,33957
118318,[59467],25023,[59467],262145.0,inf,59467
118415,[59521],25509,[59521],262145.0,inf,59521
118615,[59640],2319,[59640],262145.0,inf,59640
118903,[59810],21187,[59810],262145.0,inf,59810
118988,[59854],31391,[59854],262145.0,inf,59854
119057,[59890],897,[59890],262145.0,inf,59890
119059,[59890],27287,[59890],262145.0,inf,59890
119851,[27259],14551,[27259],262145.0,inf,27259
120104,[60484],15438,[60484],262145.0,inf,60484
120116,[18344],19545,[18344],262145.0,inf,18344
120180,[34455],28519,[34455],262145.0,inf,34455
120246,[60565],16000,[60565],262145.0,inf,60565
120306,[60607],28805,[60607],262145.0,inf,60607
122124,[61643],5340,[61643],262145.0,inf,61643
122340,[45541],16574,[45541],262145.0,inf,45541
122347,[45544],15447,[45544],262145.0,inf,45544
122413,[45567],24776,[45567],262145.0,inf,45567
122904,[62090],23324,[62090],262145.0,inf,62090
123049,[62171],7056,[62171],262145.0,inf,62171
123084,[62196],12095,[62196],262145.0,inf,62196
123258,[62291],4691,[62291],262145.0,inf,62291
124452,[46351],11312,[46351],262145.0,inf,46351
124626,[63108],26275,[63108],262145.0,inf,63108
126206,[36060],6130,[36060],262145.0,inf,36060
126222,[64019],30910,[64019],262145.0,inf,64019
126306,[28531],24897,[28531],262145.0,inf,28531
126844,[64376],14856,[64376],262145.0,inf,64376
127520,[47510],21441,[47510],262145.0,inf,47510
127635,[64835],30827,[64835],262145.0,inf,64835
127916,[64995],31620,[64995],262145.0,inf,64995
128179,[47748],13303,[47748],262145.0,inf,47748
128214,[65161],6443,[65161],262145.0,inf,65161
128359,[65247],30249,[65247],262145.0,inf,65247
128435,[65295],23939,[65295],262145.0,inf,65295
128499,[65334],22473,[65334],262145.0,inf,65334
128603,[65392],23830,[65392],262145.0,inf,65392
128770,[65491],30895,[65491],262145.0,inf,65491
128802,[65508],14838,[65508],262145.0,inf,65508
129438,[65880],27558,[65880],262145.0,inf,65880
129636,[65989],1610,[65989],262145.0,inf,65989
129957,[66143],26628,[66143],262145.0,inf,66143
130288,[66302],10716,[66302],262145.0,inf,66302
130737,[66527],6470,[66527],262145.0,inf,66527
131221,[48774],33,[48774],262145.0,inf,48774
131340,[66866],16342,[66866],262145.0,inf,66866
131422,[48858],18543,[48858],262145.0,inf,48858
131618,[48919],11734,[48919],262145.0,inf,48919
132285,[29552],8151,[29552],262145.0,inf,29552
132450,[67498],10257,[67498],262145.0,inf,67498
132495,[67519],6718,[67519],262145.0,inf,67519
133356,[67996],19203,[67996],262145.0,inf,67996
