id,ancestor_list,ancestor_listr_,taxon_label,trait,origin_time,island,niche,ancestor_id,identification
0,[None],[none],31620,,262038,0,0,0,0
262038,[0],[0],31620,298152.16,262038,0,0,0,262038
262087,[262038],[262038],31620,298182.44,262063,0,0,262038,262087
262114,[262087],[262087],31620,298193.78,262072,0,0,262087,262114
262120,[262114],[262114],31391,298196.9,262073,0,0,262114,262120
262129,[262114],[262114],31620,298200.78,262075,0,0,262114,262129
262137,[262129],[262129],31620,298201.34,262076,0,0,262129,262137
262142,[262137],[262137],31620,298202.16,262077,0,0,262137,262142
262149,[262120],[262120],31391,298199.7,262078,0,0,262120,262149
262188,[262149],[262149],31391,298203.12,262081,0,0,262149,262188
262221,[262188],[262188],26275,298205.97,262084,0,0,262188,262221
262243,[262137],[262137],26628,298210.97,262085,0,0,262137,262243
262250,[262243],[262243],19203,298211.03,262086,0,0,262243,262250
262293,[262188],[262188],11312,298211.38,262088,0,0,262188,262293
262365,[262250],[262250],10257,298215.5,262092,0,0,262250,262365
262417,[262221],[262221],26275,298217.6,262094,0,0,262221,262417
262418,[262250],[262250],19203,298220.25,262094,0,0,262250,262418
262425,[262365],[262365],10257,298218.06,262094,0,0,262365,262425
262457,[262243],[262243],26628,298220.78,262096,0,0,262243,262457
262459,[262188],[262188],31391,298220.88,262096,0,0,262188,262459
262474,[262425],[262425],10257,298219.9,262096,0,0,262425,262474
262476,[262142],[262142],31620,298220.78,262096,0,0,262142,262476
262485,[262476],[262476],31620,298221.12,262097,0,0,262476,262485
262511,[262474],[262474],10257,298221.72,262098,0,0,262474,262511
262532,[262485],[262485],30895,298224.94,262098,0,0,262485,262532
262533,[262485],[262485],31620,298224.94,262098,0,0,262485,262533
262634,[262533],[262533],30910,298228.88,262101,0,0,262533,262634
262637,[262459],[262459],31391,298224.34,262101,0,0,262459,262637
262678,[262634],[262634],30910,298229.5,262102,0,0,262634,262678
262686,[262532],[262532],30895,298229.8,262102,0,0,262532,262686
262712,[262293],[262293],11312,298225.97,262103,0,0,262293,262712
262750,[262678],[262678],30910,298227.53,262104,0,0,262678,262750
262775,[262637],[262637],31391,298227.06,262104,0,0,262637,262775
262833,[262750],[262750],30910,298229.75,262105,0,0,262750,262833
262878,[262775],[262775],31391,298231.8,262106,0,0,262775,262878
262937,[262712],[262712],11312,298230.78,262107,0,0,262712,262937
262999,[262533],[262533],31620,298232.84,262108,0,0,262533,262999
263003,[262833],[262833],30910,298232.84,262108,0,0,262833,263003
263105,[262686],[262686],30895,298235.16,262110,0,0,262686,263105
263128,[262418],[262418],19203,298231.88,262110,0,0,262418,263128
263149,[262511],[262511],10257,298236.06,262111,0,0,262511,263149
263204,[263105],[263105],30895,298236.16,262112,0,0,263105,263204
263233,[262878],[262878],31391,298236.5,262112,0,0,262878,263233
263238,[262142],[262142],27558,298237.3,262112,0,0,262142,263238
263279,[262999],[262999],30827,298238.7,262113,0,0,262999,263279
263331,[262457],[262457],26628,298238.16,262113,0,0,262457,263331
263343,[262634],[262634],21441,298238.44,262114,0,0,262634,263343
263353,[263204],[263204],30895,298238.78,262114,0,0,263204,263353
263367,[263233],[263233],31391,298240.66,262114,0,0,263233,263367
263378,[263279],[263279],30827,298241.16,262114,0,0,263279,263378
263451,[263331],[263331],26628,298241.9,262115,0,0,263331,263451
263484,[263367],[263367],31391,298245.25,262115,0,0,263367,263484
263509,[262532],[262532],30249,298240.94,262116,0,0,262532,263509
263567,[263003],[263003],30910,298241.0,262116,0,0,263003,263567
263571,[263484],[263484],31391,298246.03,262116,0,0,263484,263571
263620,[263571],[263571],30976,298247.75,262117,0,0,263571,263620
263631,[263451],[263451],18543,298245.7,262117,0,0,263451,263631
263648,[263509],[263509],13303,298243.22,262117,0,0,263509,263648
263685,[263238],[263238],27558,298244.16,262117,0,0,263238,263685
263699,[263631],[263631],18543,298245.38,262118,0,0,263631,263699
263710,[263620],[263620],30976,298246.56,262118,0,0,263620,263710
263714,[263620],[263620],28208,298246.56,262118,0,0,263620,263714
263727,[263353],[263353],30895,298243.53,262118,0,0,263353,263727
263729,[262417],[262417],26275,298242.03,262118,0,0,262417,263729
263777,[263571],[263571],31391,298248.8,262118,0,0,263571,263777
263797,[263777],[263777],24776,298249.28,262119,0,0,263777,263797
263799,[263149],[263149],10257,298244.62,262119,0,0,263149,263799
263812,[263105],[263105],23939,298244.56,262119,0,0,263105,263812
263819,[263710],[263710],30976,298247.25,262119,0,0,263710,263819
263837,[263685],[263685],27558,298244.25,262119,0,0,263685,263837
263881,[263343],[263343],21441,298244.22,262119,0,0,263343,263881
263888,[263777],[263777],30654,298249.28,262119,0,0,263777,263888
263896,[263451],[263451],33,298243.38,262119,0,0,263451,263896
263931,[263727],[263727],30895,298245.38,262120,0,0,263727,263931
263980,[263819],[263819],30976,298248.6,262120,0,0,263819,263980
263994,[263837],[263837],27558,298246.22,262120,0,0,263837,263994
264003,[263881],[263881],21441,298245.0,262120,0,0,263881,264003
264008,[263888],[263888],23942,298249.38,262120,0,0,263888,264008
264018,[263888],[263888],30654,298249.38,262120,0,0,263888,264018
264023,[263714],[263714],28208,298246.2,262120,0,0,263714,264023
264025,[263777],[263777],31391,298250.7,262120,0,0,263777,264025
264040,[263699],[263699],18543,298247.75,262120,0,0,263699,264040
264056,[263797],[263797],23324,298247.8,262121,0,0,263797,264056
264059,[264018],[264018],27073,298252.0,262121,0,0,264018,264059
264062,[264018],[264018],27790,298252.0,262121,0,0,264018,264062
264075,[263819],[263819],2437,298249.28,262121,0,0,263819,264075
264077,[264025],[264025],31391,298252.1,262121,0,0,264025,264077
264081,[264018],[264018],30654,298252.0,262121,0,0,264018,264081
264103,[263378],[263378],30827,298248.6,262121,0,0,263378,264103
264137,[264008],[264008],17431,298249.62,262121,0,0,264008,264137
264194,[263797],[263797],24776,298248.66,262121,0,0,263797,264194
264218,[264059],[264059],27073,298251.75,262122,0,0,264059,264218
264222,[264062],[264062],27790,298252.16,262122,0,0,264062,264222
264230,[263980],[263980],30976,298249.94,262122,0,0,263980,264230
264271,[264077],[264077],31391,298253.28,262122,0,0,264077,264271
264287,[264194],[264194],24776,298249.56,262122,0,0,264194,264287
264289,[263451],[263451],26628,298248.97,262122,0,0,263451,264289
264306,[264103],[264103],30827,298249.88,262122,0,0,264103,264306
264345,[264081],[264081],18467,298252.72,262122,0,0,264081,264345
264346,[262365],[262365],8151,298245.8,262122,0,0,262365,264346
264360,[264075],[264075],2437,298249.12,262122,0,0,264075,264360
264438,[264360],[264360],2437,298250.8,262123,0,0,264360,264438
264459,[264222],[264222],27790,298251.88,262123,0,0,264222,264459
264462,[264081],[264081],30654,298252.62,262123,0,0,264081,264462
264564,[264306],[264306],30827,298250.16,262123,0,0,264306,264564
264648,[264287],[264287],24776,298252.8,262124,0,0,264287,264648
264669,[264462],[264462],30654,298253.44,262124,0,0,264462,264669
264676,[264438],[264438],2437,298251.78,262124,0,0,264438,264676
264716,[263799],[263799],10257,298249.94,262124,0,0,263799,264716
264737,[264462],[264462],27059,298253.44,262124,0,0,264462,264737
264762,[264271],[264271],31391,298253.94,262124,0,0,264271,264762
264769,[263931],[263931],23830,298251.16,262124,0,0,263931,264769
264805,[264218],[264218],10095,298254.2,262124,0,0,264218,264805
264847,[264230],[264230],29879,298253.7,262125,0,0,264230,264847
264908,[264008],[264008],23942,298251.62,262125,0,0,264008,264908
264918,[264762],[264762],31391,298254.25,262125,0,0,264762,264918
264926,[264459],[264459],27790,298255.1,262125,0,0,264459,264926
264951,[264805],[264805],7553,298255.44,262125,0,0,264805,264951
264966,[263567],[263567],30910,298251.94,262125,0,0,263567,264966
264984,[264805],[264805],10095,298255.44,262125,0,0,264805,264984
264994,[263648],[263648],13303,298251.1,262125,0,0,263648,264994
264999,[263994],[263994],27558,298250.12,262125,0,0,263994,264999
265075,[264218],[264218],27073,298254.75,262125,0,0,264218,265075
265099,[264648],[264648],24776,298255.25,262126,0,0,264648,265099
265126,[264062],[264062],23859,298252.78,262126,0,0,264062,265126
265127,[264040],[264040],18543,298253.5,262126,0,0,264040,265127
265138,[264230],[264230],30976,298253.6,262126,0,0,264230,265138
265152,[264908],[264908],23942,298253.38,262126,0,0,264908,265152
265268,[263812],[263812],23939,298253.97,262126,0,0,263812,265268
265274,[264676],[264676],2437,298253.44,262126,0,0,264676,265274
265292,[265075],[265075],27073,298256.06,262126,0,0,265075,265292
265310,[264762],[264762],28805,298255.16,262126,0,0,264762,265310
265340,[264345],[264345],18467,298254.3,262126,0,0,264345,265340
265357,[264564],[264564],30827,298252.66,262126,0,0,264564,265357
265374,[264289],[264289],26628,298253.28,262127,0,0,264289,265374
265377,[265310],[265310],28805,298255.88,262127,0,0,265310,265377
265387,[264669],[264669],30654,298254.06,262127,0,0,264669,265387
265439,[265340],[265340],18467,298255.88,262127,0,0,265340,265439
265450,[265268],[265268],23939,298256.03,262127,0,0,265268,265450
265524,[264966],[264966],30910,298255.6,262127,0,0,264966,265524
265525,[264994],[264994],13303,298255.2,262127,0,0,264994,265525
265589,[265099],[265099],16574,298256.28,262127,0,0,265099,265589
265654,[264056],[264056],23324,298255.34,262127,0,0,264056,265654
265669,[265152],[265152],23942,298254.97,262127,0,0,265152,265669
265673,[265292],[265292],7097,298255.66,262127,0,0,265292,265673
265678,[265292],[265292],27073,298255.66,262127,0,0,265292,265678
265738,[264847],[264847],29879,298257.2,262128,0,0,264847,265738
265747,[264769],[264769],23830,298253.16,262128,0,0,264769,265747
265762,[265450],[265450],23939,298255.56,262128,0,0,265450,265762
265767,[264918],[264918],31391,298258.12,262128,0,0,264918,265767
265801,[265589],[265589],5340,298256.9,262128,0,0,265589,265801
265807,[265589],[265589],16574,298256.9,262128,0,0,265589,265807
265821,[264737],[264737],27059,298255.78,262128,0,0,264737,265821
265829,[265524],[265524],30910,298256.75,262128,0,0,265524,265829
265841,[265439],[265439],18467,298257.56,262128,0,0,265439,265841
265845,[264926],[264926],27790,298258.9,262128,0,0,264926,265845
265871,[265099],[265099],24776,298255.97,262128,0,0,265099,265871
265923,[263509],[263509],30249,298253.88,262128,0,0,263509,265923
265975,[265292],[265292],23810,298256.25,262128,0,0,265292,265975
265991,[263896],[263896],33,298253.94,262128,0,0,263896,265991
266025,[265669],[265669],23942,298255.9,262128,0,0,265669,266025
266167,[265138],[265138],30976,298257.62,262129,0,0,265138,266167
266184,[264984],[264984],10095,298257.3,262129,0,0,264984,266184
266194,[265991],[265991],33,298256.06,262129,0,0,265991,266194
266218,[264951],[264951],7553,298257.2,262129,0,0,264951,266218
266227,[264023],[264023],28208,298254.06,262129,0,0,264023,266227
266268,[265767],[265767],28579,298260.8,262129,0,0,265767,266268
266274,[265274],[265274],2437,298256.3,262129,0,0,265274,266274
266285,[264137],[264137],17431,298257.3,262129,0,0,264137,266285
266286,[265841],[265841],18467,298257.78,262129,0,0,265841,266286
266298,[265767],[265767],31391,298260.8,262129,0,0,265767,266298
266314,[265377],[265377],28805,298257.12,262129,0,0,265377,266314
266340,[265829],[265829],24897,298258.03,262129,0,0,265829,266340
266371,[265126],[265126],23859,298254.84,262129,0,0,265126,266371
266401,[265975],[265975],23810,298258.75,262129,0,0,265975,266401
266419,[265738],[265738],29879,298257.94,262129,0,0,265738,266419
266423,[265801],[265801],5340,298257.88,262129,0,0,265801,266423
266513,[265387],[265387],30654,298256.9,262129,0,0,265387,266513
266525,[265340],[265340],13458,298260.0,262129,0,0,265340,266525
266534,[266419],[266419],29879,298259.3,262130,0,0,266419,266534
266543,[266419],[266419],18744,298259.3,262130,0,0,266419,266543
266564,[265845],[265845],27790,298258.72,262130,0,0,265845,266564
266595,[266268],[266268],25023,298261.97,262130,0,0,266268,266595
266630,[265268],[265268],22473,298256.97,262130,0,0,265268,266630
266634,[264062],[264062],14752,298257.1,262130,0,0,264062,266634
266640,[266525],[266525],13458,298260.47,262130,0,0,266525,266640
266694,[266340],[266340],24897,298258.72,262130,0,0,266340,266694
266717,[266371],[266371],23859,298256.6,262130,0,0,266371,266717
266804,[266298],[266298],19545,298260.8,262130,0,0,266298,266804
266830,[266167],[266167],30976,298259.88,262130,0,0,266167,266830
266835,[265829],[265829],30910,298258.62,262130,0,0,265829,266835
266844,[266184],[266184],10095,298258.9,262130,0,0,266184,266844
266879,[266423],[266423],5340,298259.7,262130,0,0,266423,266879
266886,[266298],[266298],31391,298260.8,262130,0,0,266298,266886
266915,[266268],[266268],28579,298261.97,262130,0,0,266268,266915
266950,[266268],[266268],26928,298261.97,262130,0,0,266268,266950
266958,[266401],[266401],14290,298258.66,262130,0,0,266401,266958
267002,[266298],[266298],14551,298260.8,262130,0,0,266298,267002
267003,[266286],[266286],18392,298258.03,262130,0,0,266286,267003
267005,[265747],[265747],23830,298256.94,262130,0,0,265747,267005
267035,[265807],[265807],16574,298257.6,262130,0,0,265807,267035
267079,[267003],[267003],18392,298259.84,262131,0,0,267003,267079
267111,[266298],[266298],25509,298261.56,262131,0,0,266298,267111
267118,[266314],[266314],28805,298259.28,262131,0,0,266314,267118
267177,[263128],[263128],19203,298256.34,262131,0,0,263128,267177
267228,[264716],[264716],10257,298258.03,262131,0,0,264716,267228
267252,[266915],[266915],28579,298262.6,262131,0,0,266915,267252
267280,[266958],[266958],14290,298260.44,262131,0,0,266958,267280
267291,[265127],[265127],18543,298257.6,262131,0,0,265127,267291
267313,[266543],[266543],18744,298259.03,262131,0,0,266543,267313
267335,[265374],[265374],26628,298259.3,262131,0,0,265374,267335
267364,[266285],[266285],17431,298258.28,262131,0,0,266285,267364
267402,[266564],[266564],27790,298260.6,262131,0,0,266564,267402
267420,[266717],[266717],23859,298259.25,262131,0,0,266717,267420
267458,[266694],[266694],24897,298260.2,262131,0,0,266694,267458
267461,[266634],[266634],14752,298257.5,262131,0,0,266634,267461
267463,[266958],[266958],10474,298260.44,262131,0,0,266958,267463
267490,[266640],[266640],13458,298260.38,262131,0,0,266640,267490
267493,[266830],[266830],30976,298259.9,262131,0,0,266830,267493
267511,[266844],[266844],10095,298259.6,262131,0,0,266844,267511
267542,[266950],[266950],26928,298261.4,262131,0,0,266950,267542
267544,[266950],[266950],8829,298261.4,262131,0,0,266950,267544
267608,[265654],[265654],23324,298258.1,262131,0,0,265654,267608
267622,[266167],[266167],24064,298261.47,262131,0,0,266167,267622
267692,[265654],[265654],4691,298260.03,262132,0,0,265654,267692
267695,[267608],[267608],23324,298258.28,262132,0,0,267608,267695
267706,[267005],[267005],23830,298260.0,262132,0,0,267005,267706
267716,[267118],[267118],28805,298258.94,262132,0,0,267118,267716
267731,[267402],[267402],20974,298262.97,262132,0,0,267402,267731
267735,[264847],[264847],25639,298257.3,262132,0,0,264847,267735
267745,[267364],[267364],17431,298258.62,262132,0,0,267364,267745
267777,[266886],[266886],31391,298261.4,262132,0,0,266886,267777
267798,[267252],[267252],28579,298263.2,262132,0,0,267252,267798
267801,[267002],[267002],14551,298260.7,262132,0,0,267002,267801
267805,[267463],[267463],10474,298262.1,262132,0,0,267463,267805
267806,[267542],[267542],26928,298262.03,262132,0,0,267542,267806
267809,[263729],[263729],26275,298259.2,262132,0,0,263729,267809
267810,[265821],[265821],27059,298259.66,262132,0,0,265821,267810
267815,[266513],[266513],30654,298259.22,262132,0,0,266513,267815
267868,[267313],[267313],18744,298259.44,262132,0,0,267313,267868
267897,[267291],[267291],18543,298260.28,262132,0,0,267291,267897
268080,[267335],[267335],26628,298262.1,262132,0,0,267335,268080
268083,[267035],[267035],16574,298258.84,262132,0,0,267035,268083
268094,[267402],[267402],7169,298262.97,262132,0,0,267402,268094
268125,[267228],[267228],10257,298259.88,262132,0,0,267228,268125
268158,[265762],[265762],23939,298258.47,262132,0,0,265762,268158
268186,[265525],[265525],13303,298260.97,262132,0,0,265525,268186
268228,[267622],[267622],24064,298263.78,262132,0,0,267622,268228
268232,[266595],[266595],25023,298259.47,262132,0,0,266595,268232
268301,[267511],[267511],10095,298261.12,262132,0,0,267511,268301
268308,[267458],[267458],24897,298261.75,262132,0,0,267458,268308
268311,[267544],[267544],8829,298261.75,262132,0,0,267544,268311
268331,[267622],[267622],18756,298263.78,262132,0,0,267622,268331
268379,[266025],[266025],23942,298262.0,262132,0,0,266025,268379
268407,[267280],[267280],14290,298262.47,262132,0,0,267280,268407
268492,[267798],[267798],28579,298263.8,262133,0,0,267798,268492
268524,[267731],[267731],17283,298262.56,262133,0,0,267731,268524
268575,[266879],[266879],5340,298262.12,262133,0,0,266879,268575
268611,[268407],[268407],14290,298263.78,262133,0,0,268407,268611
268638,[264003],[264003],21441,298258.3,262133,0,0,264003,268638
268655,[266227],[266227],28208,298260.62,262133,0,0,266227,268655
268670,[266194],[266194],33,298258.75,262133,0,0,266194,268670
268678,[267897],[267897],18543,298261.4,262133,0,0,267897,268678
268701,[267402],[267402],27790,298263.8,262133,0,0,267402,268701
268731,[268228],[268228],24064,298264.0,262133,0,0,268228,268731
268742,[268308],[268308],24897,298262.12,262133,0,0,268308,268742
268757,[267745],[267745],17431,298259.9,262133,0,0,267745,268757
268789,[266218],[266218],7553,298259.47,262133,0,0,266218,268789
268867,[268094],[268094],7169,298263.12,262133,0,0,268094,268867
268876,[267731],[267731],20974,298262.56,262133,0,0,267731,268876
268897,[268311],[268311],8829,298262.16,262133,0,0,268311,268897
268988,[267420],[267420],23859,298260.94,262133,0,0,267420,268988
268989,[268301],[268301],10095,298261.75,262133,0,0,268301,268989
268992,[268232],[268232],25023,298260.53,262133,0,0,268232,268992
268998,[266286],[266286],18467,298258.5,262133,0,0,266286,268998
269017,[267777],[267777],31391,298264.12,262133,0,0,267777,269017
269089,[267111],[267111],2319,298261.72,262133,0,0,267111,269089
269112,[267805],[267805],10474,298263.22,262133,0,0,267805,269112
269125,[267810],[267810],27059,298261.25,262133,0,0,267810,269125
269237,[267111],[267111],25509,298263.03,262133,0,0,267111,269237
269255,[266804],[266804],19545,298262.3,262133,0,0,266804,269255
269296,[267809],[267809],26275,298261.9,262134,0,0,267809,269296
269313,[267815],[267815],30654,298262.78,262134,0,0,267815,269313
269377,[267695],[267695],23324,298260.53,262134,0,0,267695,269377
269391,[268678],[268678],18543,298263.56,262134,0,0,268678,269391
269407,[268080],[268080],26628,298263.4,262134,0,0,268080,269407
269457,[267801],[267801],14551,298261.28,262134,0,0,267801,269457
269480,[268701],[268701],27790,298264.34,262134,0,0,268701,269480
269487,[268701],[268701],16756,298264.34,262134,0,0,268701,269487
269489,[264438],[264438],792,298261.1,262134,0,0,264438,269489
269492,[269237],[269237],25509,298264.56,262134,0,0,269237,269492
269534,[264346],[264346],8151,298259.56,262134,0,0,264346,269534
269558,[268867],[268867],7169,298263.53,262134,0,0,268867,269558
269563,[268524],[268524],17283,298263.38,262134,0,0,268524,269563
269624,[268757],[268757],17431,298261.7,262134,0,0,268757,269624
269649,[268742],[268742],24897,298263.22,262134,0,0,268742,269649
269706,[267868],[267868],18744,298261.44,262134,0,0,267868,269706
269734,[268670],[268670],33,298261.4,262134,0,0,268670,269734
269805,[268331],[268331],18756,298264.94,262134,0,0,268331,269805
269829,[269112],[269112],10474,298263.88,262134,0,0,269112,269829
269846,[268492],[268492],15708,298266.16,262134,0,0,268492,269846
269880,[267461],[267461],14752,298262.75,262134,0,0,267461,269880
269897,[267493],[267493],30976,298261.78,262134,0,0,267493,269897
269973,[268989],[268989],10095,298260.47,262134,0,0,268989,269973
269980,[264966],[264966],14856,298260.2,262134,0,0,264966,269980
269991,[268992],[268992],25023,298262.38,262134,0,0,268992,269991
270007,[269089],[269089],2319,298260.97,262134,0,0,269089,270007
270023,[268678],[268678],11734,298263.56,262134,0,0,268678,270023
270065,[268575],[268575],5340,298261.12,262134,0,0,268575,270065
270132,[268731],[268731],24064,298264.22,262134,0,0,268731,270132
270175,[266534],[266534],29879,298264.53,262134,0,0,266534,270175
270194,[265357],[265357],30827,298259.4,262134,0,0,265357,270194
270230,[267706],[267706],23830,298262.56,262134,0,0,267706,270230
270265,[267806],[267806],26459,298265.12,262134,0,0,267806,270265
270270,[267490],[267490],13458,298262.4,262134,0,0,267490,270270
270286,[264999],[264999],27558,298257.94,262134,0,0,264999,270286
270308,[267079],[267079],18392,298260.97,262134,0,0,267079,270308
270333,[269313],[269313],8316,298265.16,262135,0,0,269313,270333
270339,[267735],[267735],25639,298261.34,262135,0,0,267735,270339
270358,[268998],[268998],18467,298260.2,262135,0,0,268998,270358
270438,[268638],[268638],21441,298262.38,262135,0,0,268638,270438
270445,[269017],[269017],31391,298263.88,262135,0,0,269017,270445
270463,[266835],[266835],6130,298261.78,262135,0,0,266835,270463
270505,[268611],[268611],14290,298266.56,262135,0,0,268611,270505
270575,[268311],[268311],8081,298263.25,262135,0,0,268311,270575
270584,[268186],[268186],13303,298262.94,262135,0,0,268186,270584
270591,[262937],[262937],11312,298259.44,262135,0,0,262937,270591
270644,[269558],[269558],7169,298264.72,262135,0,0,269558,270644
270646,[269706],[269706],18744,298262.56,262135,0,0,269706,270646
270683,[269991],[269991],25023,298263.0,262135,0,0,269991,270683
270689,[269391],[269391],18543,298262.47,262135,0,0,269391,270689
270832,[269457],[269457],14551,298262.0,262135,0,0,269457,270832
270935,[268701],[268701],5105,298265.2,262135,0,0,268701,270935
270959,[269489],[269489],792,298262.56,262135,0,0,269489,270959
270991,[269897],[269897],17973,298263.3,262135,0,0,269897,270991
270995,[269829],[269829],10474,298264.0,262135,0,0,269829,270995
271021,[270007],[270007],2319,298262.03,262135,0,0,270007,271021
271061,[269377],[269377],23324,298261.88,262135,0,0,269377,271061
271062,[267177],[267177],19203,298262.0,262135,0,0,267177,271062
271200,[268988],[268988],23859,298263.2,262135,0,0,268988,271200
271201,[268655],[268655],28208,298262.4,262135,0,0,268655,271201
271267,[269897],[269897],30976,298263.3,262135,0,0,269897,271267
271277,[265673],[265673],7097,298262.1,262135,0,0,265673,271277
271280,[269649],[269649],24897,298264.44,262135,0,0,269649,271280
271291,[268789],[268789],7553,298263.6,262135,0,0,268789,271291
271336,[269846],[269846],15708,298267.16,262135,0,0,269846,271336
271417,[269407],[269407],6470,298266.78,262135,0,0,269407,271417
271495,[267716],[267716],28805,298263.47,262135,0,0,267716,271495
271522,[269563],[269563],17283,298263.0,262135,0,0,269563,271522
271554,[268897],[268897],8829,298264.28,262135,0,0,268897,271554
271577,[270438],[270438],21441,298262.5,262136,0,0,270438,271577
271648,[269534],[269534],8151,298265.25,262136,0,0,269534,271648
271650,[271277],[271277],7097,298262.88,262136,0,0,271277,271650
271658,[270230],[270230],23830,298264.1,262136,0,0,270230,271658
271687,[269624],[269624],17431,298264.56,262136,0,0,269624,271687
271763,[270265],[270265],26459,298266.16,262136,0,0,270265,271763
271806,[271061],[271061],23324,298264.34,262136,0,0,271061,271806
271843,[270445],[270445],27287,298265.3,262136,0,0,270445,271843
271854,[270832],[270832],14551,298263.38,262136,0,0,270832,271854
271988,[269973],[269973],10095,298261.62,262136,0,0,269973,271988
272010,[271336],[271336],15708,298267.7,262136,0,0,271336,272010
272035,[271267],[271267],29369,298266.9,262136,0,0,271267,272035
272058,[269492],[269492],25509,298264.12,262136,0,0,269492,272058
272092,[271495],[271495],28805,298265.12,262136,0,0,271495,272092
272100,[270023],[270023],11734,298263.28,262136,0,0,270023,272100
272140,[271200],[271200],23859,298264.75,262136,0,0,271200,272140
272165,[270575],[270575],6401,298264.0,262136,0,0,270575,272165
272206,[269487],[269487],16756,298266.3,262136,0,0,269487,272206
272236,[271522],[271522],17283,298264.7,262136,0,0,271522,272236
272261,[271061],[271061],7056,298264.34,262136,0,0,271061,272261
272294,[270065],[270065],5340,298263.66,262136,0,0,270065,272294
272312,[267806],[267806],26928,298264.88,262136,0,0,267806,272312
272360,[270505],[270505],14290,298266.4,262136,0,0,270505,272360
272378,[268492],[268492],28579,298267.16,262136,0,0,268492,272378
272421,[270683],[270683],25023,298263.7,262136,0,0,270683,272421
272468,[269255],[269255],19545,298263.66,262136,0,0,269255,272468
272469,[270991],[270991],17973,298263.97,262136,0,0,270991,272469
272505,[271417],[271417],6470,298267.1,262136,0,0,271417,272505
272538,[270132],[270132],24064,298266.25,262136,0,0,270132,272538
272610,[266534],[266534],6389,298262.66,262136,0,0,266534,272610
272622,[270445],[270445],31391,298265.3,262136,0,0,270445,272622
272636,[269480],[269480],27790,298265.34,262136,0,0,269480,272636
272687,[270644],[270644],7169,298264.25,262136,0,0,270644,272687
272694,[270175],[270175],29879,298264.8,262136,0,0,270175,272694
272749,[270689],[270689],18543,298264.22,262136,0,0,270689,272749
272774,[270286],[270286],27558,298262.47,262136,0,0,270286,272774
272838,[270995],[270995],10474,298264.03,262136,0,0,270995,272838
272854,[265923],[265923],30249,298260.2,262136,0,0,265923,272854
272950,[268379],[268379],23942,298263.78,262136,0,0,268379,272950
272955,[269407],[269407],26628,298269.3,262136,0,0,269407,272955
272964,[270194],[270194],30827,298261.4,262136,0,0,270194,272964
272967,[271291],[271291],7553,298264.34,262136,0,0,271291,272967
273007,[268876],[268876],20974,298264.34,262136,0,0,268876,273007
273090,[269880],[269880],14752,298265.75,262136,0,0,269880,273090
273111,[269313],[269313],30654,298265.12,262136,0,0,269313,273111
273113,[270339],[270339],25639,298263.75,262136,0,0,270339,273113
273133,[272468],[272468],19545,298264.53,262137,0,0,272468,273133
273159,[271554],[271554],8829,298265.6,262137,0,0,271554,273159
273175,[273111],[273111],30654,298264.28,262137,0,0,273111,273175
273183,[269377],[269377],12095,298263.6,262137,0,0,269377,273183
273195,[272955],[272955],26628,298269.66,262137,0,0,272955,273195
273256,[271687],[271687],17431,298264.53,262137,0,0,271687,273256
273284,[272236],[272236],17283,298265.94,262137,0,0,272236,273284
273310,[270358],[270358],18467,298261.72,262137,0,0,270358,273310
273360,[272838],[272838],10474,298264.66,262137,0,0,272838,273360
273494,[270270],[270270],13458,298265.47,262137,0,0,270270,273494
273516,[272100],[272100],11734,298265.62,262137,0,0,272100,273516
273524,[272140],[272140],23859,298264.66,262137,0,0,272140,273524
273543,[273090],[273090],14752,298265.9,262137,0,0,273090,273543
273574,[272294],[272294],5340,298265.22,262137,0,0,272294,273574
273595,[269805],[269805],18756,298266.88,262137,0,0,269805,273595
273633,[271648],[271648],8151,298264.88,262137,0,0,271648,273633
273708,[271843],[271843],27287,298265.22,262137,0,0,271843,273708
273835,[272749],[272749],16342,298265.38,262137,0,0,272749,273835
273847,[267692],[267692],4691,298263.7,262137,0,0,267692,273847
273914,[268125],[268125],10257,298265.78,262137,0,0,268125,273914
274004,[271658],[271658],23830,298266.16,262137,0,0,271658,274004
274026,[271267],[271267],30976,298266.2,262137,0,0,271267,274026
274216,[272206],[272206],16756,298265.34,262137,0,0,272206,274216
274238,[272538],[272538],24064,298266.88,262137,0,0,272538,274238
274243,[271988],[271988],10095,298264.75,262137,0,0,271988,274243
274263,[272378],[272378],28579,298266.03,262137,0,0,272378,274263
274289,[272312],[272312],26928,298267.8,262137,0,0,272312,274289
274295,[263931],[263931],30895,298262.34,262137,0,0,263931,274295
274318,[272035],[272035],29369,298268.03,262137,0,0,272035,274318
274337,[271201],[271201],28208,298264.22,262137,0,0,271201,274337
274367,[271763],[271763],26459,298265.38,262137,0,0,271763,274367
274370,[273113],[273113],25639,298263.78,262137,0,0,273113,274370
274426,[270308],[270308],18392,298265.6,262137,0,0,270308,274426
274478,[272421],[272421],3029,298264.28,262137,0,0,272421,274478
274507,[262999],[262999],31620,298262.0,262137,0,0,262999,274507
274522,[270575],[270575],8081,298264.47,262137,0,0,270575,274522
274525,[271650],[271650],7097,298265.0,262137,0,0,271650,274525
274594,[272610],[272610],6389,298264.72,262137,0,0,272610,274594
274626,[272967],[272967],7553,298265.88,262137,0,0,272967,274626
274684,[271854],[271854],14551,298264.7,262137,0,0,271854,274684
274782,[273007],[273007],20974,298266.94,262137,0,0,273007,274782
274793,[271806],[271806],23324,298265.62,262137,0,0,271806,274793
274850,[272010],[272010],15708,298269.12,262137,0,0,272010,274850
274972,[272360],[272360],14290,298266.84,262137,0,0,272360,274972
275012,[272092],[272092],28805,298266.12,262137,0,0,272092,275012
275087,[273284],[273284],17283,298267.75,262138,0,0,273284,275087
275100,[273494],[273494],13458,298266.84,262138,0,0,273494,275100
275132,[274370],[274370],25639,298266.47,262138,0,0,274370,275132
275202,[268158],[268158],23939,298264.72,262138,0,0,268158,275202
275236,[272261],[272261],7056,298265.1,262138,0,0,272261,275236
275313,[273195],[273195],1610,298269.72,262138,0,0,273195,275313
275324,[272092],[272092],16000,298265.94,262138,0,0,272092,275324
275358,[273133],[273133],19545,298265.4,262138,0,0,273133,275358
275377,[269125],[269125],27059,298262.34,262138,0,0,269125,275377
275476,[272622],[272622],21187,298266.4,262138,0,0,272622,275476
275524,[270584],[270584],13303,298266.1,262138,0,0,270584,275524
275555,[274337],[274337],28208,298267.4,262138,0,0,274337,275555
275558,[272421],[272421],25023,298266.1,262138,0,0,272421,275558
275624,[272469],[272469],17973,298264.88,262138,0,0,272469,275624
275686,[273835],[273835],16342,298266.3,262138,0,0,273835,275686
275706,[274318],[274318],29369,298267.16,262138,0,0,274318,275706
275732,[274850],[274850],15708,298268.75,262138,0,0,274850,275732
275844,[266298],[266298],28519,298264.72,262138,0,0,266298,275844
276008,[274478],[274478],3029,298265.66,262138,0,0,274478,276008
276023,[272955],[272955],10716,298270.12,262138,0,0,272955,276023
276029,[273159],[273159],8829,298267.38,262138,0,0,273159,276029
276060,[274626],[274626],7553,298265.88,262138,0,0,274626,276060
276164,[274004],[274004],23830,298266.5,262138,0,0,274004,276164
276224,[274289],[274289],26928,298268.25,262138,0,0,274289,276224
276305,[274793],[274793],23324,298267.53,262138,0,0,274793,276305
276348,[272964],[272964],30827,298264.47,262138,0,0,272964,276348
276383,[273284],[273284],1877,298267.75,262138,0,0,273284,276383
276417,[274594],[274594],6389,298265.53,262138,0,0,274594,276417
276436,[273847],[273847],4691,298264.88,262138,0,0,273847,276436
276471,[273914],[273914],10257,298267.56,262138,0,0,273914,276471
276571,[274238],[274238],24064,298266.75,262138,0,0,274238,276571
276625,[272636],[272636],27790,298266.4,262138,0,0,272636,276625
276789,[269980],[269980],14856,298265.34,262138,0,0,269980,276789
276852,[269296],[269296],26275,298262.9,262138,0,0,269296,276852
276869,[274426],[274426],18392,298265.94,262138,0,0,274426,276869
277053,[274972],[274972],14290,298268.72,262138,0,0,274972,277053
277093,[274782],[274782],20974,298268.75,262138,0,0,274782,277093
277182,[270935],[270935],5105,298267.7,262138,0,0,270935,277182
277183,[271280],[271280],24897,298268.0,262138,0,0,271280,277183
277299,[273516],[273516],11734,298267.38,262138,0,0,273516,277299
277353,[273195],[273195],26628,298269.72,262138,0,0,273195,277353
277358,[273708],[273708],27287,298266.12,262138,0,0,273708,277358
277426,[272950],[272950],23942,298264.7,262138,0,0,272950,277426
277472,[274525],[274525],7097,298266.2,262138,0,0,274525,277472
277481,[269734],[269734],33,298262.3,262138,0,0,269734,277481
277557,[275524],[275524],6443,298266.84,262139,0,0,275524,277557
277628,[275313],[275313],1610,298269.1,262139,0,0,275313,277628
277768,[275012],[275012],28805,298265.4,262139,0,0,275012,277768
277947,[277472],[277472],7097,298267.12,262139,0,0,277472,277947
277948,[274295],[274295],30895,298265.62,262139,0,0,274295,277948
277970,[277353],[277353],26628,298269.94,262139,0,0,277353,277970
278003,[272165],[272165],6401,298268.7,262139,0,0,272165,278003
278064,[276417],[276417],6389,298265.8,262139,0,0,276417,278064
278106,[272854],[272854],30249,298266.53,262139,0,0,272854,278106
278129,[276060],[276060],7553,298266.03,262139,0,0,276060,278129
278136,[273256],[273256],17431,298264.5,262139,0,0,273256,278136
278179,[266274],[266274],2437,298264.78,262139,0,0,266274,278179
278260,[273633],[273633],8151,298265.78,262139,0,0,273633,278260
278426,[268083],[268083],16574,298266.0,262139,0,0,268083,278426
278524,[276348],[276348],30827,298266.5,262139,0,0,276348,278524
278547,[276869],[276869],18392,298268.1,262139,0,0,276869,278547
278618,[273175],[273175],30654,298265.2,262139,0,0,273175,278618
278635,[270959],[270959],792,298267.06,262139,0,0,270959,278635
278644,[274243],[274243],10095,298265.25,262139,0,0,274243,278644
278694,[275706],[275706],29369,298269.1,262139,0,0,275706,278694
278847,[275324],[275324],16000,298266.84,262139,0,0,275324,278847
278894,[275358],[275358],19545,298265.94,262139,0,0,275358,278894
278933,[270646],[270646],18744,298266.1,262139,0,0,270646,278933
278973,[276224],[276224],26928,298267.75,262139,0,0,276224,278973
279139,[276383],[276383],1877,298267.88,262139,0,0,276383,279139
279215,[276471],[276471],6718,298268.8,262139,0,0,276471,279215
279260,[276164],[276164],23830,298266.88,262139,0,0,276164,279260
279496,[270463],[270463],6130,298267.06,262139,0,0,270463,279496
279503,[277358],[277358],27287,298266.6,262139,0,0,277358,279503
279576,[275686],[275686],16342,298267.5,262139,0,0,275686,279576
279635,[271062],[271062],19203,298263.75,262139,0,0,271062,279635
279636,[276023],[276023],10716,298270.25,262139,0,0,276023,279636
279681,[272694],[272694],29879,298266.94,262139,0,0,272694,279681
279787,[266835],[266835],30910,298263.9,262139,0,0,266835,279787
279920,[277053],[277053],14290,298269.38,262139,0,0,277053,279920
279964,[275624],[275624],17973,298265.22,262139,0,0,275624,279964
279991,[274026],[274026],6316,298268.38,262139,0,0,274026,279991
280002,[276789],[276789],14856,298266.97,262139,0,0,276789,280002
280013,[273360],[273360],10474,298266.34,262139,0,0,273360,280013
280135,[274263],[274263],28579,298267.38,262139,0,0,274263,280135
280212,[274026],[274026],30976,298268.0,262139,0,0,274026,280212
280255,[276305],[276305],23324,298267.5,262139,0,0,276305,280255
280288,[275087],[275087],17283,298269.75,262139,0,0,275087,280288
280404,[275732],[275732],15708,298267.62,262139,0,0,275732,280404
280437,[277426],[277426],23942,298266.53,262139,0,0,277426,280437
280441,[275555],[275555],28208,298268.22,262139,0,0,275555,280441
280454,[273595],[273595],18756,298266.3,262139,0,0,273595,280454
280497,[276852],[276852],26275,298263.66,262139,0,0,276852,280497
280501,[277182],[277182],5105,298268.16,262139,0,0,277182,280501
281011,[278426],[278426],16574,298266.22,262140,0,0,278426,281011
281048,[277481],[277481],33,298264.47,262140,0,0,277481,281048
281126,[280437],[280437],23942,298266.78,262140,0,0,280437,281126
281135,[279920],[279920],14290,298267.88,262140,0,0,279920,281135
281157,[272622],[272622],31391,298266.75,262140,0,0,272622,281157
281160,[280002],[280002],14856,298267.78,262140,0,0,280002,281160
281189,[277970],[277970],26628,298271.03,262140,0,0,277970,281189
281207,[277948],[277948],30895,298268.03,262140,0,0,277948,281207
281246,[278547],[278547],18392,298266.4,262140,0,0,278547,281246
281347,[278644],[278644],10095,298266.3,262140,0,0,278644,281347
281412,[277768],[277768],28805,298266.44,262140,0,0,277768,281412
281414,[279215],[279215],6718,298269.38,262140,0,0,279215,281414
281460,[279636],[279636],10716,298271.7,262140,0,0,279636,281460
281508,[272749],[272749],18543,298266.97,262140,0,0,272749,281508
281734,[277183],[277183],24897,298268.56,262140,0,0,277183,281734
281790,[279503],[279503],27287,298267.6,262140,0,0,279503,281790
281829,[278003],[278003],6401,298269.3,262140,0,0,278003,281829
281831,[276008],[276008],3029,298265.72,262140,0,0,276008,281831
281891,[280497],[280497],26275,298265.38,262140,0,0,280497,281891
281917,[280013],[280013],10474,298266.94,262140,0,0,280013,281917
281978,[278618],[278618],15792,298266.9,262140,0,0,278618,281978
281991,[275524],[275524],13303,298267.16,262140,0,0,275524,281991
282367,[276436],[276436],4691,298267.4,262140,0,0,276436,282367
282373,[278847],[278847],16000,298269.78,262140,0,0,278847,282373
282426,[271021],[271021],2319,298265.47,262140,0,0,271021,282426
282492,[275844],[275844],28519,298267.1,262140,0,0,275844,282492
282587,[278635],[278635],792,298266.12,262140,0,0,278635,282587
282598,[276471],[276471],10257,298269.75,262140,0,0,276471,282598
282743,[279991],[279991],6316,298269.47,262140,0,0,279991,282743
282746,[278618],[278618],30654,298266.9,262140,0,0,278618,282746
282808,[277557],[277557],6443,298267.28,262140,0,0,277557,282808
282899,[270333],[270333],8316,298265.38,262140,0,0,270333,282899
283022,[278064],[278064],6389,298267.1,262140,0,0,278064,283022
283284,[275236],[275236],7056,298266.9,262140,0,0,275236,283284
283359,[279260],[279260],23830,298268.75,262140,0,0,279260,283359
283461,[272687],[272687],7169,298265.1,262140,0,0,272687,283461
283715,[279139],[279139],1877,298269.1,262140,0,0,279139,283715
283723,[280255],[280255],23324,298267.5,262140,0,0,280255,283723
283739,[278129],[278129],7553,298267.66,262140,0,0,278129,283739
283742,[275377],[275377],27059,298266.0,262140,0,0,275377,283742
283843,[278260],[278260],8151,298266.34,262140,0,0,278260,283843
283898,[278179],[278179],2437,298266.38,262140,0,0,278179,283898
283976,[272505],[272505],6470,298268.03,262140,0,0,272505,283976
283992,[274522],[274522],8081,298266.5,262140,0,0,274522,283992
284129,[278973],[278973],26928,298268.5,262140,0,0,278973,284129
284244,[277628],[277628],1610,298269.44,262140,0,0,277628,284244
284333,[279681],[279681],29879,298268.7,262140,0,0,279681,284333
284393,[275202],[275202],23939,298266.84,262140,0,0,275202,284393
284395,[275476],[275476],21187,298269.22,262140,0,0,275476,284395
284407,[279964],[279964],17973,298265.62,262140,0,0,279964,284407
284452,[280501],[280501],5105,298267.3,262140,0,0,280501,284452
284548,[274684],[274684],14551,298266.9,262140,0,0,274684,284548
284592,[278524],[278524],30827,298268.0,262140,0,0,278524,284592
284666,[280441],[280441],28208,298268.6,262140,0,0,280441,284666
284684,[280135],[280135],28579,298268.12,262140,0,0,280135,284684
284743,[277299],[277299],11734,298270.0,262140,0,0,277299,284743
284883,[280212],[280212],30976,298267.78,262140,0,0,280212,284883
285027,[274367],[274367],26459,298265.7,262141,0,0,274367,285027
285142,[281734],[281734],24897,298268.6,262141,0,0,281734,285142
285301,[283992],[283992],8081,298266.53,262141,0,0,283992,285301
285431,[278933],[278933],18744,298266.38,262141,0,0,278933,285431
285460,[280454],[280454],18756,298266.62,262141,0,0,280454,285460
285539,[284743],[284743],11734,298272.72,262141,0,0,284743,285539
285540,[275558],[275558],25023,298265.25,262141,0,0,275558,285540
285814,[284393],[284393],23939,298268.84,262141,0,0,284393,285814
285850,[284333],[284333],29879,298269.38,262141,0,0,284333,285850
285918,[280288],[280288],17283,298270.1,262141,0,0,280288,285918
286156,[271577],[271577],21441,298267.28,262141,0,0,271577,286156
286176,[281347],[281347],10095,298266.8,262141,0,0,281347,286176
286213,[281135],[281135],14290,298269.4,262141,0,0,281135,286213
286258,[282899],[282899],8316,298267.4,262141,0,0,282899,286258
286285,[268998],[268998],13469,298264.4,262141,0,0,268998,286285
286352,[284244],[284244],1610,298269.16,262141,0,0,284244,286352
286357,[263727],[263727],14838,298266.12,262141,0,0,263727,286357
286461,[281991],[281991],13303,298268.9,262141,0,0,281991,286461
286500,[284883],[284883],30976,298267.0,262141,0,0,284883,286500
286506,[283715],[283715],1877,298271.3,262141,0,0,283715,286506
286549,[281460],[281460],10716,298272.66,262141,0,0,281460,286549
286581,[279635],[279635],19203,298268.12,262141,0,0,279635,286581
286899,[283843],[283843],8151,298266.66,262141,0,0,283843,286899
286907,[281011],[281011],16574,298265.78,262141,0,0,281011,286907
287092,[284395],[284395],21187,298269.16,262141,0,0,284395,287092
287113,[274216],[274216],16756,298266.16,262141,0,0,274216,287113
287203,[266630],[266630],22473,298265.2,262141,0,0,266630,287203
287243,[282426],[282426],2319,298267.8,262141,0,0,282426,287243
287447,[281160],[281160],14856,298267.44,262141,0,0,281160,287447
287449,[279576],[279576],16342,298267.66,262141,0,0,279576,287449
287833,[278136],[278136],17431,298268.1,262141,0,0,278136,287833
287860,[279496],[279496],6130,298267.4,262141,0,0,279496,287860
287977,[281412],[281412],28805,298266.66,262141,0,0,281412,287977
288089,[276029],[276029],8829,298269.94,262141,0,0,276029,288089
288105,[280404],[280404],15708,298267.66,262141,0,0,280404,288105
288150,[281189],[281189],26628,298270.38,262141,0,0,281189,288150
288217,[281891],[281891],26275,298265.8,262141,0,0,281891,288217
288381,[281246],[281246],18392,298267.7,262141,0,0,281246,288381
288633,[283359],[283359],23830,298269.7,262141,0,0,283359,288633
288858,[282598],[282598],10257,298269.75,262141,0,0,282598,288858
288925,[282373],[282373],16000,298268.06,262141,0,0,282373,288925
289050,[273543],[273543],14752,298270.16,262141,0,0,273543,289050
289113,[277093],[277093],20974,298268.06,262141,0,0,277093,289113
289197,[278894],[278894],15438,298268.88,262141,0,0,278894,289197
289303,[275100],[275100],13458,298267.03,262141,0,0,275100,289303
289343,[281508],[281508],18543,298268.1,262141,0,0,281508,289343
289446,[273310],[273310],18467,298267.38,262141,0,0,273310,289446
289632,[281790],[281790],27287,298267.78,262141,0,0,281790,289632
289843,[276571],[276571],24064,298269.25,262141,0,0,276571,289843
289916,[284548],[284548],14551,298268.28,262141,0,0,284548,289916
289939,[282587],[282587],792,298267.5,262141,0,0,282587,289939
290001,[281157],[281157],31391,298267.72,262141,0,0,281157,290001
290021,[265871],[265871],24776,298265.88,262141,0,0,265871,290021
290076,[284129],[284129],26928,298269.2,262141,0,0,284129,290076
290149,[284666],[284666],28208,298269.6,262141,0,0,284666,290149
290168,[281831],[281831],3029,298267.12,262141,0,0,281831,290168
290233,[283976],[283976],6470,298269.16,262141,0,0,283976,290233
290390,[281207],[281207],30895,298270.1,262141,0,0,281207,290390
290627,[274507],[274507],31620,298266.2,262141,0,0,274507,290627
290862,[285539],[285539],11734,298273.12,262142,0,0,285539,290862
290911,[277947],[277947],7097,298267.88,262142,0,0,277947,290911
290955,[287243],[287243],2319,298269.53,262142,0,0,287243,290955
290969,[285918],[285918],17283,298270.84,262142,0,0,285918,290969
291071,[282492],[282492],28519,298267.34,262142,0,0,282492,291071
291119,[288217],[288217],26275,298267.78,262142,0,0,288217,291119
291218,[289113],[289113],20974,298270.94,262142,0,0,289113,291218
291273,[290168],[290168],3029,298267.44,262142,0,0,290168,291273
291381,[285814],[285814],23939,298268.38,262142,0,0,285814,291381
291494,[272058],[272058],25509,298267.3,262142,0,0,272058,291494
291625,[282743],[282743],6316,298268.75,262142,0,0,282743,291625
291901,[287977],[287977],28805,298266.97,262142,0,0,287977,291901
291994,[286176],[286176],10095,298268.1,262142,0,0,286176,291994
292035,[284592],[284592],30827,298268.03,262142,0,0,284592,292035
292083,[285027],[285027],26459,298268.16,262142,0,0,285027,292083
292106,[286500],[286500],30976,298269.2,262142,0,0,286500,292106
292372,[285850],[285850],29879,298269.56,262142,0,0,285850,292372
292375,[290233],[290233],6470,298268.1,262142,0,0,290233,292375
292534,[281829],[281829],6401,298270.8,262142,0,0,281829,292534
293145,[283739],[283739],7553,298268.03,262142,0,0,283739,293145
293496,[283022],[283022],6389,298269.22,262142,0,0,283022,293496
293508,[278694],[278694],29369,298269.06,262142,0,0,278694,293508
293763,[287833],[287833],17431,298269.03,262142,0,0,287833,293763
293880,[287113],[287113],16756,298267.84,262142,0,0,287113,293880
294219,[287447],[287447],14856,298267.72,262142,0,0,287447,294219
294294,[287092],[287092],21187,298269.75,262142,0,0,287092,294294
294407,[287860],[287860],6130,298269.44,262142,0,0,287860,294407
294458,[286581],[286581],19203,298269.9,262142,0,0,286581,294458
294571,[288150],[288150],26628,298270.56,262142,0,0,288150,294571
294841,[284684],[284684],28579,298269.6,262142,0,0,284684,294841
294914,[265678],[265678],27073,298268.53,262142,0,0,265678,294914
294958,[286213],[286213],14290,298270.75,262142,0,0,286213,294958
295020,[273183],[273183],12095,298266.7,262142,0,0,273183,295020
295427,[288633],[288633],23830,298269.78,262142,0,0,288633,295427
295568,[289632],[289632],27287,298268.6,262142,0,0,289632,295568
295939,[286156],[286156],21441,298267.9,262142,0,0,286156,295939
296177,[288858],[288858],10257,298270.62,262142,0,0,288858,296177
296329,[281126],[281126],23942,298267.03,262142,0,0,281126,296329
296359,[290021],[290021],24776,298266.22,262142,0,0,290021,296359
296505,[276625],[276625],27790,298268.47,262142,0,0,276625,296505
296541,[266401],[266401],23810,298267.34,262142,0,0,266401,296541
296976,[286506],[286506],1877,298271.1,262142,0,0,286506,296976
297078,[286285],[286285],13469,298266.75,262142,0,0,286285,297078
297142,[283723],[283723],23324,298269.38,262142,0,0,283723,297142
297230,[272774],[272774],27558,298267.56,262142,0,0,272774,297230
297711,[284452],[284452],5105,298268.16,262142,0,0,284452,297711
297791,[286549],[286549],10716,298273.38,262142,0,0,286549,297791
297873,[287449],[287449],16342,298267.75,262142,0,0,287449,297873
298044,[273524],[273524],23859,298266.7,262142,0,0,273524,298044
298087,[278694],[278694],7524,298271.28,262142,0,0,278694,298087
298122,[286258],[286258],8316,298267.53,262142,0,0,286258,298122
298203,[289050],[289050],14752,298270.06,262142,0,0,289050,298203
298350,[286907],[286907],15447,298268.25,262142,0,0,286907,298350
298351,[289843],[289843],24064,298268.8,262142,0,0,289843,298351
298480,[282808],[282808],6443,298268.1,262142,0,0,282808,298480
298516,[286461],[286461],13303,298270.38,262142,0,0,286461,298516
298669,[288105],[288105],15708,298268.62,262142,0,0,288105,298669
299230,[282746],[282746],30654,298267.6,262143,0,0,282746,299230
299423,[297873],[297873],16342,298268.0,262143,0,0,297873,299423
299429,[294294],[294294],21187,298270.62,262143,0,0,294294,299429
299459,[285460],[285460],18756,298271.28,262143,0,0,285460,299459
299568,[289343],[289343],18543,298268.1,262143,0,0,289343,299568
299598,[297791],[297791],10716,298270.44,262143,0,0,297791,299598
299803,[286907],[286907],16574,298268.44,262143,0,0,286907,299803
300056,[289446],[289446],18467,298269.16,262143,0,0,289446,300056
300070,[298351],[298351],24064,298268.78,262143,0,0,298351,300070
300076,[291901],[291901],28805,298267.2,262143,0,0,291901,300076
300251,[292106],[292106],30976,298270.5,262143,0,0,292106,300251
300476,[274337],[274337],28085,298269.12,262143,0,0,274337,300476
300545,[289939],[289939],792,298266.47,262143,0,0,289939,300545
300881,[298122],[298122],8316,298268.72,262143,0,0,298122,300881
301086,[290969],[290969],17283,298270.3,262143,0,0,290969,301086
301550,[289197],[289197],15438,298270.12,262143,0,0,289197,301550
301696,[290001],[290001],31391,298269.53,262143,0,0,290001,301696
301730,[270591],[270591],11312,298267.6,262143,0,0,270591,301730
301774,[294841],[294841],28579,298270.94,262143,0,0,294841,301774
301916,[292534],[292534],6401,298271.03,262143,0,0,292534,301916
301924,[283898],[283898],2437,298267.75,262143,0,0,283898,301924
301940,[285301],[285301],8081,298269.16,262143,0,0,285301,301940
302159,[294958],[294958],14290,298272.28,262143,0,0,294958,302159
302242,[290149],[290149],28208,298269.47,262143,0,0,290149,302242
302253,[283284],[283284],7056,298270.78,262143,0,0,283284,302253
302955,[291119],[291119],26275,298268.0,262143,0,0,291119,302955
303024,[292375],[292375],6470,298268.3,262143,0,0,292375,303024
303025,[290076],[290076],26928,298271.06,262143,0,0,290076,303025
303107,[292372],[292372],29879,298268.97,262143,0,0,292372,303107
303143,[298516],[298516],13303,298269.38,262143,0,0,298516,303143
303237,[298350],[298350],15447,298268.34,262143,0,0,298350,303237
303242,[289303],[289303],13458,298268.94,262143,0,0,289303,303242
303280,[295427],[295427],23830,298269.9,262143,0,0,295427,303280
303334,[278106],[278106],30249,298269.25,262143,0,0,278106,303334
303400,[273574],[273574],5340,298266.8,262143,0,0,273574,303400
303456,[290390],[290390],30895,298269.97,262143,0,0,290390,303456
303647,[294219],[294219],14856,298268.72,262143,0,0,294219,303647
303649,[297230],[297230],27558,298269.1,262143,0,0,297230,303649
303686,[295568],[295568],27287,298269.28,262143,0,0,295568,303686
303924,[293763],[293763],17431,298269.12,262143,0,0,293763,303924
304539,[298044],[298044],23859,298268.38,262143,0,0,298044,304539
304643,[282367],[282367],4691,298269.75,262143,0,0,282367,304643
304681,[298669],[298669],15708,298270.06,262143,0,0,298669,304681
304792,[296359],[296359],24776,298267.88,262143,0,0,296359,304792
304817,[296541],[296541],23810,298268.88,262143,0,0,296541,304817
305203,[292083],[292083],26459,298269.5,262143,0,0,292083,305203
305247,[287203],[287203],22473,298267.4,262143,0,0,287203,305247
305421,[293880],[293880],16756,298269.6,262143,0,0,293880,305421
305564,[290955],[290955],2319,298271.16,262143,0,0,290955,305564
305747,[291218],[291218],20974,298271.06,262143,0,0,291218,305747
305765,[298203],[298203],14752,298271.16,262143,0,0,298203,305765
306050,[296177],[296177],10257,298271.1,262143,0,0,296177,306050
306233,[286357],[286357],14838,298267.84,262143,0,0,286357,306233
306283,[297711],[297711],5105,298267.78,262143,0,0,297711,306283
306580,[294914],[294914],27073,298267.03,262143,0,0,294914,306580
306625,[296329],[296329],23942,298269.03,262143,0,0,296329,306625
307056,[288925],[288925],16000,298271.25,262143,0,0,288925,307056
307598,[290862],[290862],11734,298273.4,262143,0,0,290862,307598
307675,[281414],[281414],6718,298272.75,262143,0,0,281414,307675
307947,[281917],[281917],10474,298270.0,262143,0,0,281917,307947
307978,[281048],[281048],33,298266.47,262143,0,0,281048,307978
308692,[286352],[286352],1610,298271.94,262143,0,0,286352,308692
308908,[295939],[295939],21441,298269.4,262143,0,0,295939,308908
309008,[290627],[290627],31620,298267.8,262143,0,0,290627,309008
309235,[292035],[292035],30827,298268.12,262143,0,0,292035,309235
309542,[291625],[291625],6316,298270.94,262143,0,0,291625,309542
309747,[294458],[294458],19203,298270.0,262143,0,0,294458,309747
310111,[293496],[293496],6389,298270.1,262143,0,0,293496,310111
310182,[288089],[288089],8829,298270.7,262143,0,0,288089,310182
310247,[291994],[291994],10095,298266.66,262143,0,0,291994,310247
310629,[291494],[291494],25509,298268.53,262144,0,0,291494,310629
310713,[305564],[305564],2319,298270.6,262144,0,0,305564,310713
310971,[308692],[308692],1610,298273.16,262144,0,0,308692,310971
311505,[304681],[304681],15708,298270.47,262144,0,0,304681,311505
311660,[294571],[294571],26628,298270.62,262144,0,0,294571,311660
312179,[291381],[291381],23939,298268.47,262144,0,0,291381,312179
312392,[303334],[303334],30249,298270.06,262144,0,0,303334,312392
312661,[302253],[302253],7056,298269.53,262144,0,0,302253,312661
312775,[305247],[305247],22473,298268.3,262144,0,0,305247,312775
312795,[306233],[306233],14838,298268.9,262144,0,0,306233,312795
313373,[295020],[295020],12095,298267.56,262144,0,0,295020,313373
313976,[297078],[297078],13469,298268.3,262144,0,0,297078,313976
314586,[303924],[303924],17431,298271.56,262144,0,0,303924,314586
315418,[301086],[301086],17283,298269.03,262144,0,0,301086,315418
315875,[299230],[299230],30654,298269.47,262144,0,0,299230,315875
315950,[303025],[303025],26928,298271.84,262144,0,0,303025,315950
315989,[304817],[304817],23810,298270.6,262144,0,0,304817,315989
316225,[303649],[303649],27558,298270.22,262144,0,0,303649,316225
316390,[300476],[300476],28085,298269.75,262144,0,0,300476,316390
316698,[296976],[296976],1877,298272.4,262144,0,0,296976,316698
317479,[305421],[305421],16756,298270.9,262144,0,0,305421,317479
317941,[300056],[300056],18467,298269.78,262144,0,0,300056,317941
317965,[305747],[305747],20974,298271.97,262144,0,0,305747,317965
318174,[303400],[303400],5340,298267.7,262144,0,0,303400,318174
318448,[297142],[297142],23324,298268.4,262144,0,0,297142,318448
318790,[303107],[303107],29879,298269.16,262144,0,0,303107,318790
318941,[309235],[309235],30827,298268.56,262144,0,0,309235,318941
319166,[290911],[290911],7097,298269.84,262144,0,0,290911,319166
319202,[300070],[300070],24064,298268.22,262144,0,0,300070,319202
319643,[296505],[296505],27790,298271.16,262144,0,0,296505,319643
319813,[302242],[302242],28208,298269.66,262144,0,0,302242,319813
320348,[303686],[303686],27287,298269.8,262144,0,0,303686,320348
320374,[305203],[305203],26459,298268.62,262144,0,0,305203,320374
320922,[299429],[299429],21187,298270.75,262144,0,0,299429,320922
321055,[299598],[299598],10716,298272.03,262144,0,0,299598,321055
321065,[310111],[310111],6389,298270.88,262144,0,0,310111,321065
321236,[302159],[302159],14290,298272.3,262144,0,0,302159,321236
321267,[301550],[301550],15438,298270.34,262144,0,0,301550,321267
322091,[283461],[283461],7169,298268.25,262144,0,0,283461,322091
322186,[306580],[306580],27073,298267.3,262144,0,0,306580,322186
322564,[283742],[283742],27059,298269.75,262144,0,0,283742,322564
322569,[300881],[300881],8316,298270.22,262144,0,0,300881,322569
323297,[303024],[303024],6470,298268.16,262144,0,0,303024,323297
323555,[300076],[300076],28805,298268.4,262144,0,0,300076,323555
323646,[307675],[307675],6718,298272.6,262144,0,0,307675,323646
323721,[301940],[301940],8081,298271.12,262144,0,0,301940,323721
323726,[279787],[279787],30910,298268.72,262144,0,0,279787,323726
323971,[298480],[298480],6443,298269.88,262144,0,0,298480,323971
324542,[310182],[310182],8829,298270.2,262144,0,0,310182,324542
324869,[298087],[298087],7524,298271.22,262144,0,0,298087,324869
324888,[301924],[301924],2437,298266.9,262144,0,0,301924,324888
325000,[306283],[306283],5105,298269.0,262144,0,0,306283,325000
325048,[303242],[303242],13458,298269.25,262144,0,0,303242,325048
325310,[310247],[310247],10095,298267.1,262144,0,0,310247,325310
325341,[285540],[285540],25023,298268.75,262144,0,0,285540,325341
325440,[306625],[306625],23942,298270.0,262144,0,0,306625,325440
325648,[307947],[307947],10474,298269.84,262144,0,0,307947,325648
325760,[309747],[309747],19203,298271.1,262144,0,0,309747,325760
325793,[303647],[303647],14856,298269.12,262144,0,0,303647,325793
325938,[306050],[306050],10257,298269.7,262144,0,0,306050,325938
326634,[303456],[303456],30895,298269.72,262144,0,0,303456,326634
327245,[301696],[301696],31391,298269.44,262144,0,0,301696,327245
327881,[304643],[304643],4691,298270.16,262144,0,0,304643,327881
327963,[299423],[299423],16342,298268.6,262144,0,0,299423,327963
328017,[288381],[288381],18392,298271.38,262144,0,0,288381,328017
328132,[303280],[303280],23830,298271.53,262144,0,0,303280,328132
328166,[309008],[309008],31620,298268.3,262144,0,0,309008,328166
328551,[305765],[305765],14752,298271.88,262144,0,0,305765,328551
328682,[307056],[307056],16000,298269.47,262144,0,0,307056,328682
328902,[301774],[301774],28579,298271.47,262144,0,0,301774,328902
329158,[307978],[307978],33,298268.44,262145,0,0,307978,329158
329917,[300545],[300545],792,298267.6,262145,0,0,300545,329917
330022,[320348],[320348],897,298270.78,262145,0,0,320348,330022
330735,[310971],[310971],1610,298274.5,262145,0,0,310971,330735
331002,[316698],[316698],1877,298272.06,262145,0,0,316698,331002
331444,[310713],[310713],2319,298270.9,262145,0,0,310713,331444
331562,[324888],[324888],2437,298268.44,262145,0,0,324888,331562
332154,[291273],[291273],3029,298267.25,262145,0,0,291273,332154
333816,[327881],[327881],4691,298269.44,262145,0,0,327881,333816
334230,[325000],[325000],5105,298266.66,262145,0,0,325000,334230
334465,[318174],[318174],5340,298267.6,262145,0,0,318174,334465
335255,[294407],[294407],6130,298267.6,262145,0,0,294407,335255
335441,[309542],[309542],6316,298269.16,262145,0,0,309542,335441
335514,[321065],[321065],6389,298270.34,262145,0,0,321065,335514
335526,[301916],[301916],6401,298272.53,262145,0,0,301916,335526
335568,[323971],[323971],6443,298271.9,262145,0,0,323971,335568
335595,[323297],[323297],6470,298268.53,262145,0,0,323297,335595
335843,[323646],[323646],6718,298273.56,262145,0,0,323646,335843
336181,[312661],[312661],7056,298267.9,262145,0,0,312661,336181
336222,[319166],[319166],7097,298269.97,262145,0,0,319166,336222
336294,[322091],[322091],7169,298267.97,262145,0,0,322091,336294
336649,[324869],[324869],7524,298269.97,262145,0,0,324869,336649
336678,[293145],[293145],7553,298268.03,262145,0,0,293145,336678
337206,[323721],[323721],8081,298272.47,262145,0,0,323721,337206
337276,[286899],[286899],8151,298268.16,262145,0,0,286899,337276
337441,[322569],[322569],8316,298270.53,262145,0,0,322569,337441
337954,[324542],[324542],8829,298271.1,262145,0,0,324542,337954
339220,[325310],[325310],10095,298267.94,262145,0,0,325310,339220
339382,[325938],[325938],10257,298270.94,262145,0,0,325938,339382
339599,[325648],[325648],10474,298270.66,262145,0,0,325648,339599
339841,[321055],[321055],10716,298272.7,262145,0,0,321055,339841
340437,[301730],[301730],11312,298270.22,262145,0,0,301730,340437
340859,[307598],[307598],11734,298274.03,262145,0,0,307598,340859
341220,[313373],[313373],12095,298267.0,262145,0,0,313373,341220
342428,[303143],[303143],13303,298270.72,262145,0,0,303143,342428
342583,[325048],[325048],13458,298269.2,262145,0,0,325048,342583
342594,[313976],[313976],13469,298268.56,262145,0,0,313976,342594
343415,[321236],[321236],14290,298272.84,262145,0,0,321236,343415
343676,[289916],[289916],14551,298269.12,262145,0,0,289916,343676
343877,[328551],[328551],14752,298271.7,262145,0,0,328551,343877
343963,[312795],[312795],14838,298269.16,262145,0,0,312795,343963
343981,[325793],[325793],14856,298269.78,262145,0,0,325793,343981
344563,[321267],[321267],15438,298269.56,262145,0,0,321267,344563
344572,[303237],[303237],15447,298268.62,262145,0,0,303237,344572
344833,[311505],[311505],15708,298270.28,262145,0,0,311505,344833
344917,[281978],[281978],15792,298267.28,262145,0,0,281978,344917
345125,[328682],[328682],16000,298270.78,262145,0,0,328682,345125
345467,[327963],[327963],16342,298269.5,262145,0,0,327963,345467
345699,[299803],[299803],16574,298271.16,262145,0,0,299803,345699
345881,[317479],[317479],16756,298271.3,262145,0,0,317479,345881
346408,[315418],[315418],17283,298269.7,262145,0,0,315418,346408
346556,[314586],[314586],17431,298272.16,262145,0,0,314586,346556
347098,[284407],[284407],17973,298267.44,262145,0,0,284407,347098
347517,[328017],[328017],18392,298270.38,262145,0,0,328017,347517
347592,[317941],[317941],18467,298270.1,262145,0,0,317941,347592
347668,[299568],[299568],18543,298269.44,262145,0,0,299568,347668
347869,[285431],[285431],18744,298269.56,262145,0,0,285431,347869
347881,[299459],[299459],18756,298269.72,262145,0,0,299459,347881
348328,[325760],[325760],19203,298270.66,262145,0,0,325760,348328
348670,[278894],[278894],19545,298267.16,262145,0,0,278894,348670
350099,[317965],[317965],20974,298271.25,262145,0,0,317965,350099
350312,[320922],[320922],21187,298271.2,262145,0,0,320922,350312
350566,[308908],[308908],21441,298267.78,262145,0,0,308908,350566
351598,[312775],[312775],22473,298269.66,262145,0,0,312775,351598
352449,[318448],[318448],23324,298268.9,262145,0,0,318448,352449
352935,[315989],[315989],23810,298269.28,262145,0,0,315989,352935
352955,[328132],[328132],23830,298273.47,262145,0,0,328132,352955
352984,[304539],[304539],23859,298267.97,262145,0,0,304539,352984
353064,[312179],[312179],23939,298268.78,262145,0,0,312179,353064
353067,[325440],[325440],23942,298269.75,262145,0,0,325440,353067
353189,[319202],[319202],24064,298268.6,262145,0,0,319202,353189
353901,[304792],[304792],24776,298269.53,262145,0,0,304792,353901
354022,[285142],[285142],24897,298266.78,262145,0,0,285142,354022
354148,[325341],[325341],25023,298268.03,262145,0,0,325341,354148
354634,[310629],[310629],25509,298268.28,262145,0,0,310629,354634
354764,[275132],[275132],25639,298266.84,262145,0,0,275132,354764
355400,[302955],[302955],26275,298269.53,262145,0,0,302955,355400
355584,[320374],[320374],26459,298269.66,262145,0,0,320374,355584
355753,[311660],[311660],26628,298271.78,262145,0,0,311660,355753
356053,[315950],[315950],26928,298269.94,262145,0,0,315950,356053
356184,[322564],[322564],27059,298269.56,262145,0,0,322564,356184
356198,[322186],[322186],27073,298268.2,262145,0,0,322186,356198
356412,[320348],[320348],27287,298270.78,262145,0,0,320348,356412
356683,[316225],[316225],27558,298269.84,262145,0,0,316225,356683
356915,[319643],[319643],27790,298271.72,262145,0,0,319643,356915
357210,[316390],[316390],28085,298269.47,262145,0,0,316390,357210
357333,[319813],[319813],28208,298271.16,262145,0,0,319813,357333
357644,[291071],[291071],28519,298269.62,262145,0,0,291071,357644
357704,[328902],[328902],28579,298269.72,262145,0,0,328902,357704
357930,[323555],[323555],28805,298269.62,262145,0,0,323555,357930
358494,[293508],[293508],29369,298271.7,262145,0,0,293508,358494
359004,[318790],[318790],29879,298269.88,262145,0,0,318790,359004
359374,[312392],[312392],30249,298269.94,262145,0,0,312392,359374
359779,[315875],[315875],30654,298269.75,262145,0,0,315875,359779
359952,[318941],[318941],30827,298268.88,262145,0,0,318941,359952
360020,[326634],[326634],30895,298268.9,262145,0,0,326634,360020
360035,[323726],[323726],30910,298268.06,262145,0,0,323726,360035
360101,[300251],[300251],30976,298269.72,262145,0,0,300251,360101
360516,[327245],[327245],31391,298268.88,262145,0,0,327245,360516
360745,[328166],[328166],31620,298270.75,262145,0,0,328166,360745
